continent,country,league,season,team_name
Asia,Japan,J1 League,2019,Cerezo Osaka
Asia,Japan,J1 League,2019,Vissel Kobe
Asia,Japan,J1 League,2019,Sagan Tosu
Asia,Japan,J1 League,2019,Nagoya Grampus
Asia,Japan,J1 League,2019,Vegalta Sendai
Asia,Japan,J1 League,2019,Urawa Red Diamonds
Asia,Japan,J1 League,2019,Sanfrecce Hiroshima
Asia,Japan,J1 League,2019,Shimizu S-Pulse
Asia,Japan,J1 League,2019,Kawasaki Frontale
Asia,Japan,J1 League,2019,FC Tokyo
Asia,Japan,J1 League,2019,Kashima Antlers
Asia,Japan,J1 League,2019,Oita Trinita
Asia,Japan,J1 League,2019,Jubilo Iwata
Asia,Japan,J1 League,2019,Matsumoto Yamaga FC
Asia,Japan,J1 League,2019,Gamba Osaka
Asia,Japan,J1 League,2019,Yokohama F Marinos
Asia,Japan,J1 League,2019,Shonan Bellmare
Asia,Japan,J1 League,2019,Hokkaido Consadole Sapporo
Asia,Japan,J1 League,2019,Omiya Ardija
Asia,Japan,J1 League,2019,Montedio Yamagata
Asia,Japan,J1 League,2019,Tokushima Vortis
Asia,Japan,J1 League,2019,Ventforet Kofu
Asia,Japan,J1 League,2020,Yokohama FC
Asia,Japan,J1 League,2020,Cerezo Osaka
Asia,Japan,J1 League,2020,Shonan Bellmare
Asia,Japan,J1 League,2020,Urawa Red Diamonds
Asia,Japan,J1 League,2020,Vegalta Sendai
Asia,Japan,J1 League,2020,Nagoya Grampus
Asia,Japan,J1 League,2020,Kashiwa Reysol
Asia,Japan,J1 League,2020,Hokkaido Consadole Sapporo
Asia,Japan,J1 League,2020,Kawasaki Frontale
Asia,Japan,J1 League,2020,Sagan Tosu
Asia,Japan,J1 League,2020,Oita Trinita
Asia,Japan,J1 League,2020,Yokohama F Marinos
Asia,Japan,J1 League,2020,Gamba Osaka
Asia,Japan,J1 League,2020,Shimizu S-Pulse
Asia,Japan,J1 League,2020,FC Tokyo
Asia,Japan,J1 League,2020,Vissel Kobe
Asia,Japan,J1 League,2020,Sanfrecce Hiroshima
Asia,Japan,J1 League,2020,Kashima Antlers
Asia,Japan,J2 League,2019,Kagoshima United
Asia,Japan,J2 League,2019,Tokushima Vortis
Asia,Japan,J2 League,2019,Kyoto Sanga FC
Asia,Japan,J2 League,2019,Niigata Albirex
Asia,Japan,J2 League,2019,V-Varen Nagasaki
Asia,Japan,J2 League,2019,Yokohama FC
Asia,Japan,J2 League,2019,Fagiano Okayama
Asia,Japan,J2 League,2019,Mito Hollyhock
Asia,Japan,J2 League,2019,Tochigi SC
Asia,Japan,J2 League,2019,Zweigen Kanazawa
Asia,Japan,J2 League,2019,FC Gifu
Asia,Japan,J2 League,2019,Montedio Yamagata
Asia,Japan,J2 League,2019,Machida Zelvia
Asia,Japan,J2 League,2019,Tokyo Verdy
Asia,Japan,J2 League,2019,Omiya Ardija
Asia,Japan,J2 League,2019,Ventforet Kofu
Asia,Japan,J2 League,2019,Renofa Yamaguchi
Asia,Japan,J2 League,2019,Kashiwa Reysol
Asia,Japan,J2 League,2019,Ehime FC
Asia,Japan,J2 League,2019,JEF United Ichihara Chiba
Asia,Japan,J2 League,2019,FC Ryukyu
Asia,Japan,J2 League,2019,Avispa Fukuoka
Asia,Japan,J2 League,2020,Machida Zelvia
Asia,Japan,J2 League,2020,Tokyo Verdy
Asia,Japan,J2 League,2020,Ventforet Kofu
Asia,Japan,J2 League,2020,Tochigi SC
Asia,Japan,J2 League,2020,Avispa Fukuoka
Asia,Japan,J2 League,2020,Ehime FC
Asia,Japan,J2 League,2020,Zweigen Kanazawa
Asia,Japan,J2 League,2020,Fagiano Okayama
Asia,Japan,J2 League,2020,Thespakusatsu
Asia,Japan,J2 League,2020,Kyoto Sanga FC
Asia,Japan,J2 League,2020,Jubilo Iwata
Asia,Japan,J2 League,2020,Omiya Ardija
Asia,Japan,J2 League,2020,Giravanz Kitakyushu
Asia,Japan,J2 League,2020,JEF United Ichihara Chiba
Asia,Japan,J2 League,2020,FC Ryukyu
Asia,Japan,J2 League,2020,Montedio Yamagata
Asia,Japan,J2 League,2020,Mito Hollyhock
Asia,Japan,J2 League,2020,Renofa Yamaguchi
Asia,Japan,J2 League,2020,Niigata Albirex
Asia,Japan,J2 League,2020,Tokushima Vortis
Asia,Japan,J2 League,2020,V-Varen Nagasaki
Asia,Japan,J2 League,2020,Matsumoto Yamaga FC
Asia,Republic of Korea,K League 1,2019,Jeonbuk Hyundai
Asia,Republic of Korea,K League 1,2019,Daegu FC
Asia,Republic of Korea,K League 1,2019,Gyeongnam FC
Asia,Republic of Korea,K League 1,2019,Seongnam Ilhwa
Asia,Republic of Korea,K League 1,2019,Ulsan Hyundai
Asia,Republic of Korea,K League 1,2019,Suwon Samsung
Asia,Republic of Korea,K League 1,2019,Incheon United FC
Asia,Republic of Korea,K League 1,2019,Jeju United FC
Asia,Republic of Korea,K League 1,2019,Sangju Sangmu Phoenix
Asia,Republic of Korea,K League 1,2019,Gangwon FC
Asia,Republic of Korea,K League 1,2019,FC Seoul
Asia,Republic of Korea,K League 1,2019,Pohang Steelers FC
Asia,Republic of Korea,K League 1,2019,FC Anyang
Asia,Republic of Korea,K League 1,2019,Bucheon FC
Asia,Republic of Korea,K League 1,2019,Busan I Park
Asia,Republic of Korea,K League 1,2020,Gangwon FC
Asia,Republic of Korea,K League 1,2020,Suwon Samsung
Asia,Republic of Korea,K League 1,2020,Ulsan Hyundai
Asia,Republic of Korea,K League 1,2020,FC Seoul
Asia,Republic of Korea,K League 1,2020,Jeonbuk Hyundai
Asia,Republic of Korea,K League 1,2020,Sangju Sangmu Phoenix
Asia,Republic of Korea,K League 1,2020,Seongnam Ilhwa
Asia,Republic of Korea,K League 1,2020,Busan I Park
Asia,Republic of Korea,K League 1,2020,Pohang Steelers FC
Asia,Republic of Korea,K League 1,2020,Daegu FC
Asia,Republic of Korea,K League 1,2020,Incheon United FC
Asia,Republic of Korea,K League 1,2020,Gwangju FC
Europe,Belgium,Jupiler League,2018,Standard Liege
Europe,Belgium,Jupiler League,2018,KAA Gent
Europe,Belgium,Jupiler League,2018,KV Kortrijk
Europe,Belgium,Jupiler League,2018,RSC Anderlecht
Europe,Belgium,Jupiler League,2018,SV Zulte Waregem
Europe,Belgium,Jupiler League,2018,Waasland-Beveren
Europe,Belgium,Jupiler League,2018,St. Truidense VV
Europe,Belgium,Jupiler League,2018,Cercle Brugge
Europe,Belgium,Jupiler League,2018,KV Oostende
Europe,Belgium,Jupiler League,2018,Royal Excel Mouscron
Europe,Belgium,Jupiler League,2018,Club Brugge
Europe,Belgium,Jupiler League,2018,KAS Eupen
Europe,Belgium,Jupiler League,2018,Royal Charleroi SC
Europe,Belgium,Jupiler League,2018,Royal Antwerp FC
Europe,Belgium,Jupiler League,2018,Sporting Lokeren
Europe,Belgium,Jupiler League,2018,KRC Genk
Europe,Belgium,Jupiler League,2018,Union Saint-Gilloise
Europe,Belgium,Jupiler League,2018,KVC Westerlo
Europe,Belgium,Jupiler League,2018,KFCO Beerschot-Wilrijk
Europe,Belgium,Jupiler League,2019,Club Brugge
Europe,Belgium,Jupiler League,2019,Waasland-Beveren
Europe,Belgium,Jupiler League,2019,KV Oostende
Europe,Belgium,Jupiler League,2019,KV Kortrijk
Europe,Belgium,Jupiler League,2019,St. Truidense VV
Europe,Belgium,Jupiler League,2019,Cercle Brugge
Europe,Belgium,Jupiler League,2019,Yellow-Red KV Mechelen
Europe,Belgium,Jupiler League,2019,RSC Anderlecht
Europe,Belgium,Jupiler League,2019,KRC Genk
Europe,Belgium,Jupiler League,2019,Standard Liege
Europe,Belgium,Jupiler League,2019,Royal Antwerp FC
Europe,Belgium,Jupiler League,2019,SV Zulte Waregem
Europe,Belgium,Jupiler League,2019,Royal Excel Mouscron
Europe,Belgium,Jupiler League,2019,Royal Charleroi SC
Europe,Belgium,Jupiler League,2019,KAS Eupen
Europe,Belgium,Jupiler League,2019,KAA Gent
Europe,Belgium,Jupiler League,2020,KAA Gent
Europe,Belgium,Jupiler League,2020,RSC Anderlecht
Europe,Belgium,Jupiler League,2020,KAS Eupen
Europe,Belgium,Jupiler League,2020,St. Truidense VV
Europe,Belgium,Jupiler League,2020,KRC Genk
Europe,Belgium,Jupiler League,2020,Standard Liege
Europe,Belgium,Jupiler League,2020,KV Oostende
Europe,Belgium,Jupiler League,2020,SV Zulte Waregem
Europe,Belgium,Jupiler League,2020,Cercle Brugge
Europe,Belgium,Jupiler League,2020,Royal Excel Mouscron
Europe,Belgium,Jupiler League,2020,Yellow-Red KV Mechelen
Europe,Belgium,Jupiler League,2020,Royal Antwerp FC
Europe,Belgium,Jupiler League,2020,Oud-Heverlee
Europe,Belgium,Jupiler League,2020,KV Kortrijk
Europe,Belgium,Jupiler League,2020,Royal Charleroi SC
Europe,Belgium,Jupiler League,2020,Club Brugge
Europe,Belgium,Jupiler League,2020,KFCO Beerschot-Wilrijk
Europe,Belgium,Jupiler League,2020,Waasland-Beveren
Europe,England,England Premier League,2018,Manchester United
Europe,England,England Premier League,2018,Leicester City
Europe,England,England Premier League,2018,Newcastle United
Europe,England,England Premier League,2018,Tottenham Hotspur
Europe,England,England Premier League,2018,Fulham FC
Europe,England,England Premier League,2018,Crystal Palace
Europe,England,England Premier League,2018,Huddersfield Town
Europe,England,England Premier League,2018,Chelsea FC
Europe,England,England Premier League,2018,Watford FC
Europe,England,England Premier League,2018,Brighton & Hove Albion
Europe,England,England Premier League,2018,AFC Bournemouth
Europe,England,England Premier League,2018,Cardiff City
Europe,England,England Premier League,2018,Wolverhampton Wanderers
Europe,England,England Premier League,2018,Everton FC
Europe,England,England Premier League,2018,Liverpool FC
Europe,England,England Premier League,2018,West Ham United
Europe,England,England Premier League,2018,Southampton FC
Europe,England,England Premier League,2018,Burnley FC
Europe,England,England Premier League,2018,Arsenal FC
Europe,England,England Premier League,2018,Manchester City
Europe,England,England Premier League,2019,Liverpool FC
Europe,England,England Premier League,2019,Norwich City
Europe,England,England Premier League,2019,West Ham United
Europe,England,England Premier League,2019,Manchester City
Europe,England,England Premier League,2019,AFC Bournemouth
Europe,England,England Premier League,2019,Sheffield United
Europe,England,England Premier League,2019,Burnley FC
Europe,England,England Premier League,2019,Southampton FC
Europe,England,England Premier League,2019,Crystal Palace
Europe,England,England Premier League,2019,Everton FC
Europe,England,England Premier League,2019,Watford FC
Europe,England,England Premier League,2019,Brighton & Hove Albion
Europe,England,England Premier League,2019,Tottenham Hotspur
Europe,England,England Premier League,2019,Aston Villa
Europe,England,England Premier League,2019,Leicester City
Europe,England,England Premier League,2019,Wolverhampton Wanderers
Europe,England,England Premier League,2019,Newcastle United
Europe,England,England Premier League,2019,Arsenal FC
Europe,England,England Premier League,2019,Manchester United
Europe,England,England Premier League,2019,Chelsea FC
Europe,England,England Premier League,2020,West Ham United
Europe,England,England Premier League,2020,Newcastle United
Europe,England,England Premier League,2020,Crystal Palace
Europe,England,England Premier League,2020,Southampton FC
Europe,England,England Premier League,2020,Fulham FC
Europe,England,England Premier League,2020,Arsenal FC
Europe,England,England Premier League,2020,Liverpool FC
Europe,England,England Premier League,2020,Leeds United
Europe,England,England Premier League,2020,Tottenham Hotspur
Europe,England,England Premier League,2020,Everton FC
Europe,England,England Premier League,2020,West Bromwich Albion
Europe,England,England Premier League,2020,Leicester City
Europe,England,England Premier League,2020,Burnley FC
Europe,England,England Premier League,2020,Manchester United
Europe,England,England Premier League,2020,Manchester City
Europe,England,England Premier League,2020,Aston Villa
Europe,England,England Premier League,2020,Sheffield United
Europe,England,England Premier League,2020,Wolverhampton Wanderers
Europe,England,England Premier League,2020,Brighton & Hove Albion
Europe,England,England Premier League,2020,Chelsea FC
Europe,England,Championship,2018,Reading FC
Europe,England,Championship,2018,Derby County
Europe,England,Championship,2018,Preston North End
Europe,England,Championship,2018,Queens Park Rangers
Europe,England,Championship,2018,Wigan Athletic
Europe,England,Championship,2018,Sheffield Wednesday
Europe,England,Championship,2018,West Bromwich Albion
Europe,England,Championship,2018,Bolton Wanderers
Europe,England,Championship,2018,Birmingham City
Europe,England,Championship,2018,Norwich City
Europe,England,Championship,2018,Millwall FC
Europe,England,Championship,2018,Middlesbrough FC
Europe,England,Championship,2018,Bristol City
Europe,England,Championship,2018,Nottingham Forest
Europe,England,Championship,2018,Brentford FC
Europe,England,Championship,2018,Rotherham United
Europe,England,Championship,2018,Ipswich Town
Europe,England,Championship,2018,Blackburn Rovers
Europe,England,Championship,2018,Sheffield United
Europe,England,Championship,2018,Swansea City
Europe,England,Championship,2018,Leeds United
Europe,England,Championship,2018,Stoke City
Europe,England,Championship,2018,Hull City
Europe,England,Championship,2018,Aston Villa
Europe,England,Championship,2019,Luton Town
Europe,England,Championship,2019,Middlesbrough FC
Europe,England,Championship,2019,Stoke City
Europe,England,Championship,2019,Queens Park Rangers
Europe,England,Championship,2019,Wigan Athletic
Europe,England,Championship,2019,Cardiff City
Europe,England,Championship,2019,Swansea City
Europe,England,Championship,2019,Hull City
Europe,England,Championship,2019,Barnsley
Europe,England,Championship,2019,Fulham FC
Europe,England,Championship,2019,Reading FC
Europe,England,Championship,2019,Sheffield Wednesday
Europe,England,Championship,2019,Brentford FC
Europe,England,Championship,2019,Birmingham City
Europe,England,Championship,2019,Blackburn Rovers
Europe,England,Championship,2019,Charlton Athletic
Europe,England,Championship,2019,Millwall FC
Europe,England,Championship,2019,Preston North End
Europe,England,Championship,2019,Nottingham Forest
Europe,England,Championship,2019,West Bromwich Albion
Europe,England,Championship,2019,Bristol City
Europe,England,Championship,2019,Leeds United
Europe,England,Championship,2019,Huddersfield Town
Europe,England,Championship,2019,Derby County
Europe,England,Championship,2020,Barnsley
Europe,England,Championship,2020,Luton Town
Europe,England,Championship,2020,Millwall FC
Europe,England,Championship,2020,Stoke City
Europe,England,Championship,2020,Birmingham City
Europe,England,Championship,2020,Brentford FC
Europe,England,Championship,2020,Wycombe Wanderers
Europe,England,Championship,2020,Rotherham United
Europe,England,Championship,2020,Watford FC
Europe,England,Championship,2020,Middlesbrough FC
Europe,England,Championship,2020,Queens Park Rangers
Europe,England,Championship,2020,Nottingham Forest
Europe,England,Championship,2020,Preston North End
Europe,England,Championship,2020,Swansea City
Europe,England,Championship,2020,Huddersfield Town
Europe,England,Championship,2020,Norwich City
Europe,England,Championship,2020,Derby County
Europe,England,Championship,2020,Reading FC
Europe,England,Championship,2020,Cardiff City
Europe,England,Championship,2020,Sheffield Wednesday
Europe,England,Championship,2020,Bristol City
Europe,England,Championship,2020,Coventry City
Europe,England,Championship,2020,AFC Bournemouth
Europe,England,Championship,2020,Blackburn Rovers
Europe,England,League One,2018,Sunderland AFC
Europe,England,League One,2018,Charlton Athletic
Europe,England,League One,2018,Portsmouth FC
Europe,England,League One,2018,Luton Town
Europe,England,League One,2018,Accrington Stanley
Europe,England,League One,2018,Gillingham FC
Europe,England,League One,2018,Wycombe Wanderers
Europe,England,League One,2018,Blackpool
Europe,England,League One,2018,Walsall FC
Europe,England,League One,2018,Plymouth Argyle
Europe,England,League One,2018,Southend United
Europe,England,League One,2018,Doncaster Rovers
Europe,England,League One,2018,Shrewsbury Town
Europe,England,League One,2018,Bradford City
Europe,England,League One,2018,Peterborough United
Europe,England,League One,2018,Bristol Rovers
Europe,England,League One,2018,Fleetwood Town
Europe,England,League One,2018,AFC Wimbledon
Europe,England,League One,2018,Coventry City
Europe,England,League One,2018,Scunthorpe United
Europe,England,League One,2018,Burton Albion
Europe,England,League One,2018,Rochdale AFC
Europe,England,League One,2018,Barnsley
Europe,England,League One,2018,Oxford United
Europe,England,League One,2019,AFC Wimbledon
Europe,England,League One,2019,Rotherham United
Europe,England,League One,2019,Burton Albion
Europe,England,League One,2019,Ipswich Town
Europe,England,League One,2019,Coventry City
Europe,England,League One,2019,Southend United
Europe,England,League One,2019,Doncaster Rovers
Europe,England,League One,2019,Gillingham FC
Europe,England,League One,2019,Lincoln City
Europe,England,League One,2019,Accrington Stanley
Europe,England,League One,2019,Peterborough United
Europe,England,League One,2019,Fleetwood Town
Europe,England,League One,2019,Shrewsbury Town
Europe,England,League One,2019,Portsmouth FC
Europe,England,League One,2019,Sunderland AFC
Europe,England,League One,2019,Oxford United
Europe,England,League One,2019,Tranmere Rovers
Europe,England,League One,2019,Rochdale AFC
Europe,England,League One,2019,Wycombe Wanderers
Europe,England,League One,2019,Bolton Wanderers
Europe,England,League One,2019,Blackpool
Europe,England,League One,2019,Bristol Rovers
Europe,England,League One,2019,Milton Keynes Dons
Europe,England,League One,2019,Bury FC
Europe,England,League One,2020,Accrington Stanley
Europe,England,League One,2020,Peterborough United
Europe,England,League One,2020,Northampton Town
Europe,England,League One,2020,AFC Wimbledon
Europe,England,League One,2020,Crewe Alexandra
Europe,England,League One,2020,Charlton Athletic
Europe,England,League One,2020,Swindon Town
Europe,England,League One,2020,Rochdale AFC
Europe,England,League One,2020,Sunderland AFC
Europe,England,League One,2020,Bristol Rovers
Europe,England,League One,2020,Portsmouth FC
Europe,England,League One,2020,Shrewsbury Town
Europe,England,League One,2020,Plymouth Argyle
Europe,England,League One,2020,Blackpool
Europe,England,League One,2020,Lincoln City
Europe,England,League One,2020,Oxford United
Europe,England,League One,2020,Ipswich Town
Europe,England,League One,2020,Wigan Athletic
Europe,England,League One,2020,Gillingham FC
Europe,England,League One,2020,Hull City
Europe,England,League One,2020,Fleetwood Town
Europe,England,League One,2020,Burton Albion
Europe,England,League One,2020,Doncaster Rovers
Europe,England,League One,2020,Milton Keynes Dons
Europe,England,League Two,2018,Bury FC
Europe,England,League Two,2018,Yeovil Town
Europe,England,League Two,2018,Notts County
Europe,England,League Two,2018,Colchester United
Europe,England,League Two,2018,Cheltenham Town
Europe,England,League Two,2018,Crawley Town
Europe,England,League Two,2018,Swindon Town
Europe,England,League Two,2018,Macclesfield Town
Europe,England,League Two,2018,Stevenage FC
Europe,England,League Two,2018,Tranmere Rovers
Europe,England,League Two,2018,Port Vale
Europe,England,League Two,2018,Cambridge United
Europe,England,League Two,2018,Oldham Athletic
Europe,England,League Two,2018,Milton Keynes Dons
Europe,England,League Two,2018,Northampton Town
Europe,England,League Two,2018,Lincoln City
Europe,England,League Two,2018,Mansfield Town
Europe,England,League Two,2018,Newport County AFC
Europe,England,League Two,2018,Grimsby Town
Europe,England,League Two,2018,Forest Green Rovers
Europe,England,League Two,2018,Exeter City
Europe,England,League Two,2018,Carlisle United
Europe,England,League Two,2018,Crewe Alexandra
Europe,England,League Two,2018,Morecambe FC
Europe,England,League Two,2019,Salford City FC
Europe,England,League Two,2019,Stevenage FC
Europe,England,League Two,2019,Carlisle United
Europe,England,League Two,2019,Crawley Town
Europe,England,League Two,2019,Newport County AFC
Europe,England,League Two,2019,Mansfield Town
Europe,England,League Two,2019,Crewe Alexandra
Europe,England,League Two,2019,Plymouth Argyle
Europe,England,League Two,2019,Exeter City
Europe,England,League Two,2019,Macclesfield Town
Europe,England,League Two,2019,Forest Green Rovers
Europe,England,League Two,2019,Oldham Athletic
Europe,England,League Two,2019,Leyton Orient
Europe,England,League Two,2019,Cheltenham Town
Europe,England,League Two,2019,Morecambe FC
Europe,England,League Two,2019,Grimsby Town
Europe,England,League Two,2019,Scunthorpe United
Europe,England,League Two,2019,Swindon Town
Europe,England,League Two,2019,Northampton Town
Europe,England,League Two,2019,Walsall FC
Europe,England,League Two,2019,Bradford City
Europe,England,League Two,2019,Cambridge United
Europe,England,League Two,2019,Colchester United
Europe,England,League Two,2019,Port Vale
Europe,England,League Two,2020,Barrow AFC
Europe,England,League Two,2020,Stevenage FC
Europe,England,League Two,2020,Port Vale
Europe,England,League Two,2020,Crawley Town
Europe,England,League Two,2020,Bolton Wanderers
Europe,England,League Two,2020,Forest Green Rovers
Europe,England,League Two,2020,Walsall FC
Europe,England,League Two,2020,Grimsby Town
Europe,England,League Two,2020,Southend United
Europe,England,League Two,2020,Harrogate Town FC
Europe,England,League Two,2020,Scunthorpe United
Europe,England,League Two,2020,Newport County AFC
Europe,England,League Two,2020,Salford City FC
Europe,England,League Two,2020,Exeter City
Europe,England,League Two,2020,Oldham Athletic
Europe,England,League Two,2020,Leyton Orient
Europe,England,League Two,2020,Mansfield Town
Europe,England,League Two,2020,Tranmere Rovers
Europe,England,League Two,2020,Cheltenham Town
Europe,England,League Two,2020,Morecambe FC
Europe,England,League Two,2020,Cambridge United
Europe,England,League Two,2020,Carlisle United
Europe,England,League Two,2020,Bradford City
Europe,England,League Two,2020,Colchester United
Europe,France,Ligue 1,2018,Olympique Marseille
Europe,France,Ligue 1,2018,FC Toulouse
Europe,France,Ligue 1,2018,FC Nantes
Europe,France,Ligue 1,2018,AS Monaco
Europe,France,Ligue 1,2018,SCO Angers
Europe,France,Ligue 1,2018,Olympique Nimes
Europe,France,Ligue 1,2018,LOSC Lille
Europe,France,Ligue 1,2018,FC Stade Rennes
Europe,France,Ligue 1,2018,Montpellier HSC
Europe,France,Ligue 1,2018,Dijon FCO
Europe,France,Ligue 1,2018,OGC Nice
Europe,France,Ligue 1,2018,Stade Reims
Europe,France,Ligue 1,2018,AS Saint-Etienne
Europe,France,Ligue 1,2018,EA Guingamp
Europe,France,Ligue 1,2018,Olympique Lyonnais
Europe,France,Ligue 1,2018,SC Amiens
Europe,France,Ligue 1,2018,FC Girondins Bordeaux
Europe,France,Ligue 1,2018,RC Strasbourg Alsace
Europe,France,Ligue 1,2018,Paris Saint-Germain
Europe,France,Ligue 1,2018,SM Caen
Europe,France,Ligue 1,2018,Paris FC
Europe,France,Ligue 1,2018,RC Lens
Europe,France,Ligue 1,2018,Troyes AC
Europe,France,Ligue 1,2019,AS Monaco
Europe,France,Ligue 1,2019,Olympique Lyonnais
Europe,France,Ligue 1,2019,Olympique Marseille
Europe,France,Ligue 1,2019,Stade Reims
Europe,France,Ligue 1,2019,Dijon FCO
Europe,France,Ligue 1,2019,AS Saint-Etienne
Europe,France,Ligue 1,2019,Montpellier HSC
Europe,France,Ligue 1,2019,FC Stade Rennes
Europe,France,Ligue 1,2019,OGC Nice
Europe,France,Ligue 1,2019,SC Amiens
Europe,France,Ligue 1,2019,Stade Brestois 29
Europe,France,Ligue 1,2019,FC Toulouse
Europe,France,Ligue 1,2019,SCO Angers
Europe,France,Ligue 1,2019,FC Girondins Bordeaux
Europe,France,Ligue 1,2019,LOSC Lille
Europe,France,Ligue 1,2019,FC Nantes
Europe,France,Ligue 1,2019,RC Strasbourg Alsace
Europe,France,Ligue 1,2019,FC Metz
Europe,France,Ligue 1,2019,Paris Saint-Germain
Europe,France,Ligue 1,2019,Olympique Nimes
Europe,France,Ligue 1,2020,AS Saint-Etienne
Europe,France,Ligue 1,2020,FC Lorient
Europe,France,Ligue 1,2020,FC Metz
Europe,France,Ligue 1,2020,AS Monaco
Europe,France,Ligue 1,2020,FC Nantes
Europe,France,Ligue 1,2020,Olympique Nimes
Europe,France,Ligue 1,2020,Olympique Lyonnais
Europe,France,Ligue 1,2020,Dijon FCO
Europe,France,Ligue 1,2020,RC Lens
Europe,France,Ligue 1,2020,Paris Saint-Germain
Europe,France,Ligue 1,2020,RC Strasbourg Alsace
Europe,France,Ligue 1,2020,OGC Nice
Europe,France,Ligue 1,2020,SCO Angers
Europe,France,Ligue 1,2020,FC Girondins Bordeaux
Europe,France,Ligue 1,2020,Stade Brestois 29
Europe,France,Ligue 1,2020,Olympique Marseille
Europe,France,Ligue 1,2020,Stade Reims
Europe,France,Ligue 1,2020,LOSC Lille
Europe,France,Ligue 1,2020,FC Stade Rennes
Europe,France,Ligue 1,2020,Montpellier HSC
Europe,Germany,Bundesliga,2018,FC Bayern Munich
Europe,Germany,Bundesliga,2018,TSG 1899 Hoffenheim
Europe,Germany,Bundesliga,2018,SC Freiburg
Europe,Germany,Bundesliga,2018,Eintracht Frankfurt
Europe,Germany,Bundesliga,2018,Fortuna Dusseldorf
Europe,Germany,Bundesliga,2018,FC Augsburg
Europe,Germany,Bundesliga,2018,Hertha BSC
Europe,Germany,Bundesliga,2018,1 FC Nuremberg
Europe,Germany,Bundesliga,2018,VfL Wolfsburg
Europe,Germany,Bundesliga,2018,FC Schalke 04
Europe,Germany,Bundesliga,2018,Werder Bremen
Europe,Germany,Bundesliga,2018,Hannover 96
Europe,Germany,Bundesliga,2018,Borussia Monchengladbach
Europe,Germany,Bundesliga,2018,Bayer 04 Leverkusen
Europe,Germany,Bundesliga,2018,1. FSV Mainz 05
Europe,Germany,Bundesliga,2018,VfB Stuttgart
Europe,Germany,Bundesliga,2018,Borussia Dortmund
Europe,Germany,Bundesliga,2018,RB Leipzig
Europe,Germany,Bundesliga,2018,1. FC Union Berlin
Europe,Germany,Bundesliga,2019,FC Bayern Munich
Europe,Germany,Bundesliga,2019,Hertha BSC
Europe,Germany,Bundesliga,2019,Bayer 04 Leverkusen
Europe,Germany,Bundesliga,2019,SC Paderborn 07
Europe,Germany,Bundesliga,2019,VfL Wolfsburg
Europe,Germany,Bundesliga,2019,1. FC Cologne
Europe,Germany,Bundesliga,2019,Werder Bremen
Europe,Germany,Bundesliga,2019,Fortuna Dusseldorf
Europe,Germany,Bundesliga,2019,SC Freiburg
Europe,Germany,Bundesliga,2019,1. FSV Mainz 05
Europe,Germany,Bundesliga,2019,Borussia Dortmund
Europe,Germany,Bundesliga,2019,FC Augsburg
Europe,Germany,Bundesliga,2019,Borussia Monchengladbach
Europe,Germany,Bundesliga,2019,FC Schalke 04
Europe,Germany,Bundesliga,2019,Eintracht Frankfurt
Europe,Germany,Bundesliga,2019,TSG 1899 Hoffenheim
Europe,Germany,Bundesliga,2019,1. FC Union Berlin
Europe,Germany,Bundesliga,2019,RB Leipzig
Europe,Germany,Bundesliga,2019,1. FC Heidenheim 1846
Europe,Germany,Bundesliga,2020,FC Bayern Munich
Europe,Germany,Bundesliga,2020,FC Schalke 04
Europe,Germany,Bundesliga,2020,1. FC Union Berlin
Europe,Germany,Bundesliga,2020,FC Augsburg
Europe,Germany,Bundesliga,2020,Werder Bremen
Europe,Germany,Bundesliga,2020,Hertha BSC
Europe,Germany,Bundesliga,2020,1. FC Cologne
Europe,Germany,Bundesliga,2020,TSG 1899 Hoffenheim
Europe,Germany,Bundesliga,2020,VfB Stuttgart
Europe,Germany,Bundesliga,2020,SC Freiburg
Europe,Germany,Bundesliga,2020,Eintracht Frankfurt
Europe,Germany,Bundesliga,2020,DSC Arminia Bielefeld
Europe,Germany,Bundesliga,2020,Borussia Dortmund
Europe,Germany,Bundesliga,2020,Borussia Monchengladbach
Europe,Germany,Bundesliga,2020,RB Leipzig
Europe,Germany,Bundesliga,2020,1. FSV Mainz 05
Europe,Germany,Bundesliga,2020,VfL Wolfsburg
Europe,Germany,Bundesliga,2020,Bayer 04 Leverkusen
Europe,Italy,Serie A,2018,AC Chievo Verona
Europe,Italy,Serie A,2018,Juventus Turin
Europe,Italy,Serie A,2018,SS Lazio Roma
Europe,Italy,Serie A,2018,SSC Napoli
Europe,Italy,Serie A,2018,UC Sampdoria
Europe,Italy,Serie A,2018,ACF Fiorentina
Europe,Italy,Serie A,2018,FC Torino
Europe,Italy,Serie A,2018,AS Roma
Europe,Italy,Serie A,2018,FC Empoli
Europe,Italy,Serie A,2018,Cagliari Calcio
Europe,Italy,Serie A,2018,AC Milan
Europe,Italy,Serie A,2018,Genoa CFC
Europe,Italy,Serie A,2018,Parma Calcio 1913 S.r.l.
Europe,Italy,Serie A,2018,Udinese Calcio
Europe,Italy,Serie A,2018,US Sassuolo Calcio
Europe,Italy,Serie A,2018,Inter Milano
Europe,Italy,Serie A,2018,Bologna FC
Europe,Italy,Serie A,2018,Spal 2013
Europe,Italy,Serie A,2018,Atalanta Bergamasca Calcio
Europe,Italy,Serie A,2018,Frosinone Calcio
Europe,Italy,Serie A,2019,Parma Calcio 1913 S.r.l.
Europe,Italy,Serie A,2019,Juventus Turin
Europe,Italy,Serie A,2019,ACF Fiorentina
Europe,Italy,Serie A,2019,SSC Napoli
Europe,Italy,Serie A,2019,Udinese Calcio
Europe,Italy,Serie A,2019,AC Milan
Europe,Italy,Serie A,2019,Spal 2013
Europe,Italy,Serie A,2019,Atalanta Bergamasca Calcio
Europe,Italy,Serie A,2019,FC Torino
Europe,Italy,Serie A,2019,US Sassuolo Calcio
Europe,Italy,Serie A,2019,Cagliari Calcio
Europe,Italy,Serie A,2019,Brescia Calcio
Europe,Italy,Serie A,2019,UC Sampdoria
Europe,Italy,Serie A,2019,SS Lazio Roma
Europe,Italy,Serie A,2019,Hellas Verona
Europe,Italy,Serie A,2019,Bologna FC
Europe,Italy,Serie A,2019,AS Roma
Europe,Italy,Serie A,2019,Genoa CFC
Europe,Italy,Serie A,2019,Inter Milano
Europe,Italy,Serie A,2019,US Lecce
Europe,Italy,Serie A,2020,Benevento Calcio
Europe,Italy,Serie A,2020,Inter Milano
Europe,Italy,Serie A,2020,Genoa CFC
Europe,Italy,Serie A,2020,FC Crotone
Europe,Italy,Serie A,2020,Juventus Turin
Europe,Italy,Serie A,2020,UC Sampdoria
Europe,Italy,Serie A,2020,SS Lazio Roma
Europe,Italy,Serie A,2020,Atalanta Bergamasca Calcio
Europe,Italy,Serie A,2020,AC Milan
Europe,Italy,Serie A,2020,Bologna FC
Europe,Italy,Serie A,2020,Parma Calcio 1913 S.r.l.
Europe,Italy,Serie A,2020,SSC Napoli
Europe,Italy,Serie A,2020,US Sassuolo Calcio
Europe,Italy,Serie A,2020,Cagliari Calcio
Europe,Italy,Serie A,2020,Udinese Calcio
Europe,Italy,Serie A,2020,Spezia Calcio
Europe,Italy,Serie A,2020,Hellas Verona
Europe,Italy,Serie A,2020,AS Roma
Europe,Italy,Serie A,2020,ACF Fiorentina
Europe,Italy,Serie A,2020,FC Torino
Europe,Netherlands,Eredivisie,2018,PEC Zwolle
Europe,Netherlands,Eredivisie,2018,SC Heerenveen
Europe,Netherlands,Eredivisie,2018,Willem II Tilburg
Europe,Netherlands,Eredivisie,2018,VVV Venlo
Europe,Netherlands,Eredivisie,2018,Ajax Amsterdam
Europe,Netherlands,Eredivisie,2018,Heracles Almelo
Europe,Netherlands,Eredivisie,2018,PSV Eindhoven
Europe,Netherlands,Eredivisie,2018,FC Utrecht
Europe,Netherlands,Eredivisie,2018,SBV Excelsior
Europe,Netherlands,Eredivisie,2018,Fortuna Sittard
Europe,Netherlands,Eredivisie,2018,ADO Den Haag
Europe,Netherlands,Eredivisie,2018,FC Emmen
Europe,Netherlands,Eredivisie,2018,De Graafschap
Europe,Netherlands,Eredivisie,2018,Feyenoord Rotterdam
Europe,Netherlands,Eredivisie,2018,Vitesse Arnhem
Europe,Netherlands,Eredivisie,2018,FC Groningen
Europe,Netherlands,Eredivisie,2018,AZ Alkmaar
Europe,Netherlands,Eredivisie,2018,NAC Breda
Europe,Netherlands,Eredivisie,2018,NEC Nijmegen
Europe,Netherlands,Eredivisie,2018,RKC Waalwijk
Europe,Netherlands,Eredivisie,2018,SC Cambuur
Europe,Netherlands,Eredivisie,2018,Almere City FC
Europe,Netherlands,Eredivisie,2018,Go Ahead Eagles
Europe,Netherlands,Eredivisie,2018,FC Den Bosch
Europe,Netherlands,Eredivisie,2018,TOP Oss
Europe,Netherlands,Eredivisie,2018,Sparta Rotterdam
Europe,Netherlands,Eredivisie,2019,PEC Zwolle
Europe,Netherlands,Eredivisie,2019,Willem II Tilburg
Europe,Netherlands,Eredivisie,2019,FC Emmen
Europe,Netherlands,Eredivisie,2019,FC Groningen
Europe,Netherlands,Eredivisie,2019,Vitesse Arnhem
Europe,Netherlands,Eredivisie,2019,Ajax Amsterdam
Europe,Netherlands,Eredivisie,2019,VVV Venlo
Europe,Netherlands,Eredivisie,2019,RKC Waalwijk
Europe,Netherlands,Eredivisie,2019,FC Twente Enschede
Europe,Netherlands,Eredivisie,2019,PSV Eindhoven
Europe,Netherlands,Eredivisie,2019,Heracles Almelo
Europe,Netherlands,Eredivisie,2019,SC Heerenveen
Europe,Netherlands,Eredivisie,2019,Feyenoord Rotterdam
Europe,Netherlands,Eredivisie,2019,Sparta Rotterdam
Europe,Netherlands,Eredivisie,2019,ADO Den Haag
Europe,Netherlands,Eredivisie,2019,FC Utrecht
Europe,Netherlands,Eredivisie,2019,AZ Alkmaar
Europe,Netherlands,Eredivisie,2019,Fortuna Sittard
Europe,Netherlands,Eredivisie,2020,FC Utrecht
Europe,Netherlands,Eredivisie,2020,AZ Alkmaar
Europe,Netherlands,Eredivisie,2020,SC Heerenveen
Europe,Netherlands,Eredivisie,2020,Willem II Tilburg
Europe,Netherlands,Eredivisie,2020,PEC Zwolle
Europe,Netherlands,Eredivisie,2020,Feyenoord Rotterdam
Europe,Netherlands,Eredivisie,2020,FC Twente Enschede
Europe,Netherlands,Eredivisie,2020,Fortuna Sittard
Europe,Netherlands,Eredivisie,2020,FC Emmen
Europe,Netherlands,Eredivisie,2020,VVV Venlo
Europe,Netherlands,Eredivisie,2020,Heracles Almelo
Europe,Netherlands,Eredivisie,2020,ADO Den Haag
Europe,Netherlands,Eredivisie,2020,Sparta Rotterdam
Europe,Netherlands,Eredivisie,2020,Ajax Amsterdam
Europe,Netherlands,Eredivisie,2020,FC Groningen
Europe,Netherlands,Eredivisie,2020,PSV Eindhoven
Europe,Netherlands,Eredivisie,2020,RKC Waalwijk
Europe,Netherlands,Eredivisie,2020,Vitesse Arnhem
Europe,Portugal,Primeira Liga,2018,Sl Benfica
Europe,Portugal,Primeira Liga,2018,Vitoria Guimaraes
Europe,Portugal,Primeira Liga,2018,Vitoria Setubal
Europe,Portugal,Primeira Liga,2018,CD das Aves
Europe,Portugal,Primeira Liga,2018,CD Tondela
Europe,Portugal,Primeira Liga,2018,B SAD
Europe,Portugal,Primeira Liga,2018,FC Porto
Europe,Portugal,Primeira Liga,2018,GD Chaves
Europe,Portugal,Primeira Liga,2018,CD Feirense
Europe,Portugal,Primeira Liga,2018,Rio Ave FC
Europe,Portugal,Primeira Liga,2018,CS Maritimo Madeira
Europe,Portugal,Primeira Liga,2018,CD Santa Clara
Europe,Portugal,Primeira Liga,2018,Moreirense FC
Europe,Portugal,Primeira Liga,2018,Sporting CP
Europe,Portugal,Primeira Liga,2018,Sporting Braga
Europe,Portugal,Primeira Liga,2018,CD Nacional
Europe,Portugal,Primeira Liga,2018,Portimonense SC
Europe,Portugal,Primeira Liga,2018,Boavista FC
Europe,Portugal,Primeira Liga,2019,Portimonense SC
Europe,Portugal,Primeira Liga,2019,B SAD
Europe,Portugal,Primeira Liga,2019,CD Santa Clara
Europe,Portugal,Primeira Liga,2019,FC Famalicao
Europe,Portugal,Primeira Liga,2019,Gil Vicente FC
Europe,Portugal,Primeira Liga,2019,FC Porto
Europe,Portugal,Primeira Liga,2019,Sl Benfica
Europe,Portugal,Primeira Liga,2019,FC Pacos Ferreira
Europe,Portugal,Primeira Liga,2019,Boavista FC
Europe,Portugal,Primeira Liga,2019,CD das Aves
Europe,Portugal,Primeira Liga,2019,CS Maritimo Madeira
Europe,Portugal,Primeira Liga,2019,Sporting CP
Europe,Portugal,Primeira Liga,2019,Rio Ave FC
Europe,Portugal,Primeira Liga,2019,Vitoria Guimaraes
Europe,Portugal,Primeira Liga,2019,Sporting Braga
Europe,Portugal,Primeira Liga,2019,Moreirense FC
Europe,Portugal,Primeira Liga,2019,Vitoria Setubal
Europe,Portugal,Primeira Liga,2019,CD Tondela
Europe,Portugal,Primeira Liga,2020,FC Famalicao
Europe,Portugal,Primeira Liga,2020,Sl Benfica
Europe,Portugal,Primeira Liga,2020,CD Santa Clara
Europe,Portugal,Primeira Liga,2020,CS Maritimo Madeira
Europe,Portugal,Primeira Liga,2020,Vitoria Guimaraes
Europe,Portugal,Primeira Liga,2020,B SAD
Europe,Portugal,Primeira Liga,2020,Moreirense FC
Europe,Portugal,Primeira Liga,2020,Sporting Farense
Europe,Portugal,Primeira Liga,2020,FC Porto
Europe,Portugal,Primeira Liga,2020,Sporting Braga
Europe,Portugal,Primeira Liga,2020,Portimonense SC
Europe,Portugal,Primeira Liga,2020,FC Pacos Ferreira
Europe,Portugal,Primeira Liga,2020,Sporting CP
Europe,Portugal,Primeira Liga,2020,Gil Vicente FC
Europe,Portugal,Primeira Liga,2020,CD Tondela
Europe,Portugal,Primeira Liga,2020,Rio Ave FC
Europe,Portugal,Primeira Liga,2020,CD Nacional
Europe,Portugal,Primeira Liga,2020,Boavista FC
Europe,Russia,Russia Premier League,2018,FC Ural Yekaterinburg
Europe,Russia,Russia Premier League,2018,FC Anzhi Makhachkala
Europe,Russia,Russia Premier League,2018,FC Spartak Moscow
Europe,Russia,Russia Premier League,2018,FC Orenburg
Europe,Russia,Russia Premier League,2018,FC Rostov
Europe,Russia,Russia Premier League,2018,Republican FC Akhmat Grozny
Europe,Russia,Russia Premier League,2018,FK Yenisey Krasnoyarsk
Europe,Russia,Russia Premier League,2018,FC Zenit St Petersburg
Europe,Russia,Russia Premier League,2018,FC Arsenal Tula
Europe,Russia,Russia Premier League,2018,FC Dinamo Moscow
Europe,Russia,Russia Premier League,2018,FC Rubin Kazan
Europe,Russia,Russia Premier League,2018,FC Krasnodar
Europe,Russia,Russia Premier League,2018,FC Ufa
Europe,Russia,Russia Premier League,2018,FC Lokomotiv Moscow
Europe,Russia,Russia Premier League,2018,FC Krylia Sovetov Samara
Europe,Russia,Russia Premier League,2018,CSKA Moscow
Europe,Russia,Russia Premier League,2018,FC Tom Tomsk
Europe,Russia,Russia Premier League,2018,FC Nizhny Novgorod
Europe,Russia,Russia Premier League,2019,FC Arsenal Tula
Europe,Russia,Russia Premier League,2019,FC Dinamo Moscow
Europe,Russia,Russia Premier League,2019,FC Ural Yekaterinburg
Europe,Russia,Russia Premier League,2019,FC Ufa
Europe,Russia,Russia Premier League,2019,FC Spartak Moscow
Europe,Russia,Russia Premier League,2019,PFC Sochi
Europe,Russia,Russia Premier League,2019,FC Rostov
Europe,Russia,Russia Premier League,2019,FC Orenburg
Europe,Russia,Russia Premier League,2019,FC Krylia Sovetov Samara
Europe,Russia,Russia Premier League,2019,CSKA Moscow
Europe,Russia,Russia Premier League,2019,FC Zenit St Petersburg
Europe,Russia,Russia Premier League,2019,FC Tambov
Europe,Russia,Russia Premier League,2019,Republican FC Akhmat Grozny
Europe,Russia,Russia Premier League,2019,FC Krasnodar
Europe,Russia,Russia Premier League,2019,FC Lokomotiv Moscow
Europe,Russia,Russia Premier League,2019,FC Rubin Kazan
Europe,Russia,Russia Premier League,2020,FC Khimki
Europe,Russia,Russia Premier League,2020,FC Rotor Volgograd
Europe,Russia,Russia Premier League,2020,FC Krasnodar
Europe,Russia,Russia Premier League,2020,FC Rostov
Europe,Russia,Russia Premier League,2020,FC Lokomotiv Moscow
Europe,Russia,Russia Premier League,2020,FC Zenit St Petersburg
Europe,Russia,Russia Premier League,2020,FC Rubin Kazan
Europe,Russia,Russia Premier League,2020,FC Tambov
Europe,Russia,Russia Premier League,2020,FC Spartak Moscow
Europe,Russia,Russia Premier League,2020,FC Arsenal Tula
Europe,Russia,Russia Premier League,2020,FC Ufa
Europe,Russia,Russia Premier League,2020,FC Dinamo Moscow
Europe,Russia,Russia Premier League,2020,PFC Sochi
Europe,Russia,Russia Premier League,2020,FC Ural Yekaterinburg
Europe,Russia,Russia Premier League,2020,Republican FC Akhmat Grozny
Europe,Russia,Russia Premier League,2020,CSKA Moscow
Europe,Scotland,Premiership,2018,Celtic Glasgow
Europe,Scotland,Premiership,2018,Livingston FC
Europe,Scotland,Premiership,2018,St Mirren FC
Europe,Scotland,Premiership,2018,FC Dundee
Europe,Scotland,Premiership,2018,Hamilton Academical FC
Europe,Scotland,Premiership,2018,Heart of Midlothian
Europe,Scotland,Premiership,2018,Kilmarnock FC
Europe,Scotland,Premiership,2018,St Johnstone FC
Europe,Scotland,Premiership,2018,Aberdeen FC
Europe,Scotland,Premiership,2018,Rangers FC
Europe,Scotland,Premiership,2018,Hibernian FC
Europe,Scotland,Premiership,2018,Motherwell FC
Europe,Scotland,Premiership,2018,Ayr United
Europe,Scotland,Premiership,2018,Inverness Caledonian Thistle
Europe,Scotland,Premiership,2018,Dundee United
Europe,Scotland,Premiership,2019,Celtic Glasgow
Europe,Scotland,Premiership,2019,St Johnstone FC
Europe,Scotland,Premiership,2019,Hibernian FC
Europe,Scotland,Premiership,2019,St Mirren FC
Europe,Scotland,Premiership,2019,Livingston FC
Europe,Scotland,Premiership,2019,Motherwell FC
Europe,Scotland,Premiership,2019,Ross County FC
Europe,Scotland,Premiership,2019,Hamilton Academical FC
Europe,Scotland,Premiership,2019,Kilmarnock FC
Europe,Scotland,Premiership,2019,Rangers FC
Europe,Scotland,Premiership,2019,Aberdeen FC
Europe,Scotland,Premiership,2019,Heart of Midlothian
Europe,Scotland,Premiership,2020,Hibernian FC
Europe,Scotland,Premiership,2020,Aberdeen FC
Europe,Scotland,Premiership,2020,Celtic Glasgow
Europe,Scotland,Premiership,2020,Hamilton Academical FC
Europe,Scotland,Premiership,2020,St Mirren FC
Europe,Scotland,Premiership,2020,Kilmarnock FC
Europe,Scotland,Premiership,2020,St Johnstone FC
Europe,Scotland,Premiership,2020,Ross County FC
Europe,Scotland,Premiership,2020,Dundee United
Europe,Scotland,Premiership,2020,Motherwell FC
Europe,Scotland,Premiership,2020,Livingston FC
Europe,Scotland,Premiership,2020,Rangers FC
Europe,Spain,LaLiga,2018,Girona FC
Europe,Spain,LaLiga,2018,Real Valladolid
Europe,Spain,LaLiga,2018,Real Betis Balompie
Europe,Spain,LaLiga,2018,UD Levante
Europe,Spain,LaLiga,2018,RC Celta de Vigo
Europe,Spain,LaLiga,2018,RCD Espanyol Barcelona
Europe,Spain,LaLiga,2018,CF Villarreal
Europe,Spain,LaLiga,2018,Real Sociedad
Europe,Spain,LaLiga,2018,FC Barcelona
Europe,Spain,LaLiga,2018,Deportivo Alaves Sad
Europe,Spain,LaLiga,2018,SD Eibar
Europe,Spain,LaLiga,2018,SD Huesca
Europe,Spain,LaLiga,2018,Rayo Vallecano
Europe,Spain,LaLiga,2018,FC Sevilla
Europe,Spain,LaLiga,2018,Real Madrid
Europe,Spain,LaLiga,2018,CF Getafe
Europe,Spain,LaLiga,2018,CF Valencia
Europe,Spain,LaLiga,2018,Atletico Madrid
Europe,Spain,LaLiga,2018,Athletic Bilbao
Europe,Spain,LaLiga,2018,CD Leganes
Europe,Spain,LaLiga,2019,Athletic Bilbao
Europe,Spain,LaLiga,2019,FC Barcelona
Europe,Spain,LaLiga,2019,RC Celta de Vigo
Europe,Spain,LaLiga,2019,Real Madrid
Europe,Spain,LaLiga,2019,CF Valencia
Europe,Spain,LaLiga,2019,Real Sociedad
Europe,Spain,LaLiga,2019,RCD Mallorca
Europe,Spain,LaLiga,2019,SD Eibar
Europe,Spain,LaLiga,2019,CD Leganes
Europe,Spain,LaLiga,2019,CA Osasuna
Europe,Spain,LaLiga,2019,CF Villarreal
Europe,Spain,LaLiga,2019,Granada CF
Europe,Spain,LaLiga,2019,Deportivo Alaves Sad
Europe,Spain,LaLiga,2019,UD Levante
Europe,Spain,LaLiga,2019,RCD Espanyol Barcelona
Europe,Spain,LaLiga,2019,FC Sevilla
Europe,Spain,LaLiga,2019,Real Betis Balompie
Europe,Spain,LaLiga,2019,Real Valladolid
Europe,Spain,LaLiga,2019,Atletico Madrid
Europe,Spain,LaLiga,2019,CF Getafe
Europe,Spain,LaLiga,2020,Deportivo Alaves Sad
Europe,Spain,LaLiga,2020,Real Betis Balompie
Europe,Spain,LaLiga,2020,FC Barcelona
Europe,Spain,LaLiga,2020,Elche CF
Europe,Spain,LaLiga,2020,SD Eibar
Europe,Spain,LaLiga,2020,RC Celta de Vigo
Europe,Spain,LaLiga,2020,Cadiz CF
Europe,Spain,LaLiga,2020,CA Osasuna
Europe,Spain,LaLiga,2020,Granada CF
Europe,Spain,LaLiga,2020,Athletic Bilbao
Europe,Spain,LaLiga,2020,Real Madrid
Europe,Spain,LaLiga,2020,CF Getafe
Europe,Spain,LaLiga,2020,CF Valencia
Europe,Spain,LaLiga,2020,UD Levante
Europe,Spain,LaLiga,2020,Real Valladolid
Europe,Spain,LaLiga,2020,Real Sociedad
Europe,Spain,LaLiga,2020,CF Villarreal
Europe,Spain,LaLiga,2020,SD Huesca
Europe,Spain,LaLiga,2020,FC Sevilla
Europe,Spain,LaLiga,2020,Atletico Madrid
Europe,Sweden,Allsvenskan,2019,Falkenbergs FF
Europe,Sweden,Allsvenskan,2019,Orebro SK
Europe,Sweden,Allsvenskan,2019,Kalmar FF
Europe,Sweden,Allsvenskan,2019,IK Sirius FK
Europe,Sweden,Allsvenskan,2019,AIK
Europe,Sweden,Allsvenskan,2019,Ostersunds FK
Europe,Sweden,Allsvenskan,2019,Helsingborgs IF
Europe,Sweden,Allsvenskan,2019,IFK Norrkoping
Europe,Sweden,Allsvenskan,2019,AFC Eskilstuna
Europe,Sweden,Allsvenskan,2019,IFK Goteborg
Europe,Sweden,Allsvenskan,2019,Malmo FF
Europe,Sweden,Allsvenskan,2019,BK Hacken
Europe,Sweden,Allsvenskan,2019,Djurgardens IF
Europe,Sweden,Allsvenskan,2019,GIF Sundsvall
Europe,Sweden,Allsvenskan,2019,IF Elfsborg
Europe,Sweden,Allsvenskan,2019,Hammarby IF
Europe,Sweden,Allsvenskan,2019,IK Brage
Europe,Sweden,Allsvenskan,2020,AIK
Europe,Sweden,Allsvenskan,2020,BK Hacken
Europe,Sweden,Allsvenskan,2020,Helsingborgs IF
Europe,Sweden,Allsvenskan,2020,Djurgardens IF
Europe,Sweden,Allsvenskan,2020,Mjallby AIF
Europe,Sweden,Allsvenskan,2020,IFK Goteborg
Europe,Sweden,Allsvenskan,2020,Hammarby IF
Europe,Sweden,Allsvenskan,2020,Kalmar FF
Europe,Sweden,Allsvenskan,2020,Malmo FF
Europe,Sweden,Allsvenskan,2020,IF Elfsborg
Europe,Sweden,Allsvenskan,2020,Orebro SK
Europe,Sweden,Allsvenskan,2020,IFK Norrkoping
Europe,Sweden,Allsvenskan,2020,IK Brage
Europe,Sweden,Allsvenskan,2020,IK Sirius FK
Europe,Sweden,Allsvenskan,2020,Ostersunds FK
Europe,Sweden,Allsvenskan,2020,Varbergs BoIS
Europe,Sweden,Allsvenskan,2020,Falkenbergs FF
North America,Mexico,Liga MX - Apertura,2018,Tiburones Rojos de Veracruz
North America,Mexico,Liga MX - Apertura,2018,Pumas Unam
North America,Mexico,Liga MX - Apertura,2018,Atlas FC
North America,Mexico,Liga MX - Apertura,2018,Queretaro FC
North America,Mexico,Liga MX - Apertura,2018,Cruz Azul
North America,Mexico,Liga MX - Apertura,2018,Puebla FC
North America,Mexico,Liga MX - Apertura,2018,CF Pachuca
North America,Mexico,Liga MX - Apertura,2018,CF Monterrey
North America,Mexico,Liga MX - Apertura,2018,Tigres UANL
North America,Mexico,Liga MX - Apertura,2018,Club Leon
North America,Mexico,Liga MX - Apertura,2018,Tijuana de Caliente
North America,Mexico,Liga MX - Apertura,2018,Guadalajara Chivas
North America,Mexico,Liga MX - Apertura,2018,Deportivo Toluca FC
North America,Mexico,Liga MX - Apertura,2018,CA Monarcas Morelia
North America,Mexico,Liga MX - Apertura,2018,Club Santos Laguna
North America,Mexico,Liga MX - Apertura,2018,CF Lobos B.U.A.P.
North America,Mexico,Liga MX - Apertura,2018,Necaxa
North America,Mexico,Liga MX - Apertura,2018,CF America
North America,Mexico,Liga MX - Apertura,2019,Puebla FC
North America,Mexico,Liga MX - Apertura,2019,Tijuana de Caliente
North America,Mexico,Liga MX - Apertura,2019,Atlas FC
North America,Mexico,Liga MX - Apertura,2019,FC Juarez
North America,Mexico,Liga MX - Apertura,2019,San Luis
North America,Mexico,Liga MX - Apertura,2019,Pumas Unam
North America,Mexico,Liga MX - Apertura,2019,CF Pachuca
North America,Mexico,Liga MX - Apertura,2019,Club Leon
North America,Mexico,Liga MX - Apertura,2019,CF America
North America,Mexico,Liga MX - Apertura,2019,CF Monterrey
North America,Mexico,Liga MX - Apertura,2019,Tigres UANL
North America,Mexico,Liga MX - Apertura,2019,CA Monarcas Morelia
North America,Mexico,Liga MX - Apertura,2019,Necaxa
North America,Mexico,Liga MX - Apertura,2019,Cruz Azul
North America,Mexico,Liga MX - Apertura,2019,Deportivo Toluca FC
North America,Mexico,Liga MX - Apertura,2019,Queretaro FC
North America,Mexico,Liga MX - Apertura,2019,Club Santos Laguna
North America,Mexico,Liga MX - Apertura,2019,Guadalajara Chivas
North America,Mexico,Liga MX - Apertura,2019,Tiburones Rojos de Veracruz
North America,Mexico,Liga MX - Apertura,2020,Cruz Azul
North America,Mexico,Liga MX - Apertura,2020,Necaxa
North America,Mexico,Liga MX - Apertura,2020,Pumas Unam
North America,Mexico,Liga MX - Apertura,2020,Tijuana de Caliente
North America,Mexico,Liga MX - Apertura,2020,Club Santos Laguna
North America,Mexico,Liga MX - Apertura,2020,Queretaro FC
North America,Mexico,Liga MX - Apertura,2020,CF Monterrey
North America,Mexico,Liga MX - Apertura,2020,Atlas FC
North America,Mexico,Liga MX - Apertura,2020,Deportivo Toluca FC
North America,Mexico,Liga MX - Apertura,2020,CF America
North America,Mexico,Liga MX - Apertura,2020,Puebla FC
North America,Mexico,Liga MX - Apertura,2020,CF Pachuca
North America,Mexico,Liga MX - Apertura,2020,Guadalajara Chivas
North America,Mexico,Liga MX - Apertura,2020,San Luis
North America,Mexico,Liga MX - Apertura,2020,FC Juarez
North America,Mexico,Liga MX - Apertura,2020,CA Monarcas Morelia
North America,Mexico,Liga MX - Apertura,2020,Tigres UANL
North America,Mexico,Liga MX - Apertura,2020,Club Leon
North America,USA,MLS,2019,Philadelphia Union
North America,USA,MLS,2019,Toronto FC
North America,USA,MLS,2019,Orlando City SC
North America,USA,MLS,2019,New York City FC
North America,USA,MLS,2019,Columbus Crew
North America,USA,MLS,2019,NY Red Bulls
North America,USA,MLS,2019,FC Dallas
North America,USA,MLS,2019,New England Revolution
North America,USA,MLS,2019,Colorado Rapids
North America,USA,MLS,2019,Portland Timbers
North America,USA,MLS,2019,Houston Dynamo
North America,USA,MLS,2019,Real Salt Lake
North America,USA,MLS,2019,Vancouver Whitecaps FC
North America,USA,MLS,2019,Minnesota United FC
North America,USA,MLS,2019,Los Angeles Galaxy
North America,USA,MLS,2019,Chicago Fire
North America,USA,MLS,2019,San Jose Earthquakes
North America,USA,MLS,2019,Montreal Impact
North America,USA,MLS,2019,Seattle Sounders
North America,USA,MLS,2019,FC Cincinnati
North America,USA,MLS,2019,DC United
North America,USA,MLS,2019,Atlanta United FC
North America,USA,MLS,2019,Los Angeles FC
North America,USA,MLS,2019,Sporting Kansas City
North America,USA,MLS,2020,Portland Timbers
North America,USA,MLS,2020,Los Angeles FC
North America,USA,MLS,2020,Colorado Rapids
North America,USA,MLS,2020,Minnesota United FC
North America,USA,MLS,2020,Houston Dynamo
North America,USA,MLS,2020,Toronto FC
North America,USA,MLS,2020,Real Salt Lake
North America,USA,MLS,2020,Nashville SC
North America,USA,MLS,2020,San Jose Earthquakes
North America,USA,MLS,2020,FC Dallas
North America,USA,MLS,2020,Vancouver Whitecaps FC
North America,USA,MLS,2020,Chicago Fire
North America,USA,MLS,2020,New York City FC
North America,USA,MLS,2020,Los Angeles Galaxy
North America,USA,MLS,2020,Philadelphia Union
North America,USA,MLS,2020,Orlando City SC
North America,USA,MLS,2020,Atlanta United FC
North America,USA,MLS,2020,NY Red Bulls
North America,USA,MLS,2020,DC United
North America,USA,MLS,2020,Montreal Impact
North America,USA,MLS,2020,New England Revolution
North America,USA,MLS,2020,Sporting Kansas City
North America,USA,MLS,2020,Columbus Crew
North America,USA,MLS,2020,FC Cincinnati
North America,USA,MLS,2020,Seattle Sounders
North America,USA,MLS,2020,Inter Miami CF
South America,Brazil,Brasileiro Serie A,2019,Sao Paulo FC SP
South America,Brazil,Brasileiro Serie A,2019,Botafogo FR RJ
South America,Brazil,Brasileiro Serie A,2019,Atletico Mineiro MG
South America,Brazil,Brasileiro Serie A,2019,Avai FC SC
South America,Brazil,Brasileiro Serie A,2019,Chapecoense SC
South America,Brazil,Brasileiro Serie A,2019,SC Internacional RS
South America,Brazil,Brasileiro Serie A,2019,CR Flamengo RJ
South America,Brazil,Brasileiro Serie A,2019,Cruzeiro EC MG
South America,Brazil,Brasileiro Serie A,2019,Gremio FB Porto Alegrense RS
South America,Brazil,Brasileiro Serie A,2019,Santos FC SP
South America,Brazil,Brasileiro Serie A,2019,Ceara SC CE
South America,Brazil,Brasileiro Serie A,2019,CS Alagoano AL
South America,Brazil,Brasileiro Serie A,2019,EC Bahia BA
South America,Brazil,Brasileiro Serie A,2019,SC Corinthians SP
South America,Brazil,Brasileiro Serie A,2019,CA Paranaense PR
South America,Brazil,Brasileiro Serie A,2019,CR Vasco da Gama RJ
South America,Brazil,Brasileiro Serie A,2019,SE Palmeiras SP
South America,Brazil,Brasileiro Serie A,2019,Fortaleza EC CE
South America,Brazil,Brasileiro Serie A,2019,Fluminense FC RJ
South America,Brazil,Brasileiro Serie A,2019,Goias EC GO
South America,Brazil,Brasileiro Serie A,2020,Sao Paulo FC SP
South America,Brazil,Brasileiro Serie A,2020,SC Corinthians SP
South America,Brazil,Brasileiro Serie A,2020,Coritiba FC PR
South America,Brazil,Brasileiro Serie A,2020,SC Recife PE
South America,Brazil,Brasileiro Serie A,2020,Fortaleza EC CE
South America,Brazil,Brasileiro Serie A,2020,CA Bragantino SP
South America,Brazil,Brasileiro Serie A,2020,Santos FC SP
South America,Brazil,Brasileiro Serie A,2020,CR Flamengo RJ
South America,Brazil,Brasileiro Serie A,2020,Gremio FB Porto Alegrense RS
South America,Brazil,Brasileiro Serie A,2020,Goias EC GO
South America,Brazil,Brasileiro Serie A,2020,SC Internacional RS
South America,Brazil,Brasileiro Serie A,2020,CR Vasco da Gama RJ
South America,Brazil,Brasileiro Serie A,2020,SE Palmeiras SP
South America,Brazil,Brasileiro Serie A,2020,Atletico Mineiro MG
South America,Brazil,Brasileiro Serie A,2020,Ceara SC CE
South America,Brazil,Brasileiro Serie A,2020,EC Bahia BA
South America,Brazil,Brasileiro Serie A,2020,Botafogo FR RJ
South America,Brazil,Brasileiro Serie A,2020,Fluminense FC RJ
South America,Brazil,Brasileiro Serie A,2020,AC Goianiense GO
South America,Brazil,Brasileiro Serie A,2020,CA Paranaense PR
