,HF,H1N,H1P,H2N,H2P,H3N,H3P,H4N,H4P,H5N,H5P,H6N,H6P,H7N,H7P,H8N,H8P,H9N,H9P,H10N,H10P,H11N,H11P,AF,F1N,F1P,F2N,F2P,F3N,F3P,F4N,F4P,F5N,F5P,F6N,F6P,F7N,F7P,F8N,F8P,F9N,F9P,F10N,F10P,F11N,F11P,HS,AS,result
0,4-2-3-1,47,FW,17,LW,7,RW,25,AM,10,DM,21,DM,23,LB,13,CB,3,CB,4,RB,12,GK,3-4-3,9,FW,14,LW,12,RW,34,CM,25,CM,15,WB,2,WB,3,CB,6,CB,16,CB,1,GK,0,3,away
1,4-4-2,9,FW,11,FW,15,LM,10,RM,22,DM,18,DM,27,LB,6,CB,8,CB,2,RB,31,GK,4-4-2,9,FW,10,FW,11,LM,20,RM,6,DM,8,DM,3,LB,35,CB,5,CB,2,RB,1,GK,1,0,home
2,4-3-3,9,FW,10,LW,11,RW,5,CM,8,CM,14,DM,26,LB,4,CB,12,CB,66,RB,1,GK,4-1-4-1,9,FW,22,LM,43,CM,19,CM,17,RM,23,DM,15,LB,21,CB,5,CB,2,RB,1,GK,4,3,home
3,4-2-3-1,30,FW,18,LW,20,RW,16,AM,41,DM,28,DM,3,LB,21,CB,23,CB,24,RB,1,GK,4-4-2,7,FW,13,FW,16,RM,10,RM,14,DM,8,DM,15,LB,18,CB,6,CB,19,RB,26,GK,0,2,away
4,3-4-3,7,FW,11,LW,12,RW,19,DM,8,DM,3,WB,2,WB,27,CB,5,CB,6,CB,1,GK,4-1-4-1,9,FW,15,LM,26,CM,8,CM,17,RM,24,DM,2,LB,4,CB,25,CB,27,RB,1,GK,0,3,away
5,4-2-3-1,10,FW,7,LW,27,RW,20,AM,8,DM,5,DM,33,LB,15,CB,4,CB,2,RB,1,GK,4-3-3,9,FW,7,LW,19,RW,21,CM,16,CM,6,DM,12,LB,5,CB,13,CB,23,RB,1,GK,0,1,away
6,3-5-2,10,FW,9,FW,4,CM,7,CM,16,DM,3,WB,2,WB,5,CB,12,CB,6,CB,1,GK,3-4-3,10,FW,7,AM,9,AM,28,DM,32,DM,5,WB,37,WB,27,CB,16,CB,15,CB,11,GK,0,2,away
7,3-5-2,11,FW,9,FW,17,CM,14,CM,8,DM,20,WB,2,WB,4,CB,5,CB,3,CB,1,GK,4-2-2-2,11,FW,12,FW,19,AM,29,AM,5,DM,7,DM,3,LB,15,CB,4,CB,24,RB,1,GK,1,3,away
8,4-3-3,9,FW,7,LW,19,RW,21,CM,16,CM,6,DM,12,LB,5,CB,13,CB,23,RB,1,GK,3-4-3,7,FW,11,LW,12,RW,19,CM,8,CM,3,WB,2,WB,27,CB,5,CB,6,CB,1,GK,5,2,home
9,4-1-4-1,9,FW,22,LM,43,CM,20,CM,17,RM,23,DM,15,LB,6,CB,5,CB,2,RB,1,GK,4-2-3-1,9,FW,17,LW,47,RW,25,AM,21,DM,29,DM,23,LB,4,CB,3,CB,2,RB,1,GK,4,3,home
10,4-2-3-1,9,FW,10,LW,21,RW,18,AM,39,DM,6,DM,23,LB,5,CB,2,CB,24,RB,1,GK,4-4-2,11,FW,9,FW,15,LM,10,RM,22,DM,18,DM,27,LB,12,CB,8,CB,2,RB,31,GK,1,3,away
11,3-4-3,9,FW,14,LW,12,RW,34,CM,8,CM,7,WB,2,WB,31,CB,6,CB,16,CB,1,GK,3-4-3,30,FW,18,LW,20,RW,41,DM,28,DM,26,WB,24,WB,3,CB,21,CB,23,CB,1,GK,2,1,home
12,4-4-2,9,FW,10,FW,12,LM,17,RM,6,DM,8,DM,3,LB,35,CB,5,CB,2,RB,1,GK,4-3-3,10,FW,7,LW,27,RW,28,CM,5,CM,8,DM,33,LB,15,CB,6,CB,2,RB,1,GK,2,5,away
13,4-4-2,13,FW,7,FW,10,LM,8,CM,16,RM,14,DM,15,LB,18,CB,6,CB,19,RB,26,GK,3-4-3,7,FW,9,LW,11,RW,17,CM,8,CM,20,WB,2,WB,4,CB,5,CB,3,CB,1,GK,0,3,away
14,4-3-3,29,FW,11,LW,19,RW,17,CM,7,CM,5,DM,3,LB,15,CB,4,CB,24,RB,1,GK,4-3-3,9,FW,10,LW,11,RW,5,CM,8,CM,14,DM,26,LB,4,CB,3,CB,66,RB,1,GK,0,2,away
15,4-1-4-1,9,FW,15,LM,26,CM,8,CM,17,RM,24,DM,2,LB,4,CB,25,CB,27,RB,1,GK,4-4-2,9,FW,19,FW,11,LM,12,RM,8,DM,18,DM,3,LB,34,CB,28,CB,26,RB,1,GK,4,2,home
16,4-3-3,11,FW,10,LW,17,RW,7,CM,14,CM,6,DM,18,LB,5,CB,4,CB,2,RB,26,GK,3-5-2,17,FW,14,FW,4,LM,7,CM,8,CM,3,LB,2,RB,5,CB,12,DM,6,RM,1,GK,1,0,home
17,3-5-2,10,FW,9,FW,7,CM,28,CM,8,DM,5,WB,37,WB,27,CB,16,CB,15,CB,11,GK,4-2-3-1,9,FW,7,LW,47,RW,17,AM,16,CM,25,CM,22,LB,6,CB,5,CB,2,RB,31,GK,1,3,away
18,3-4-3,7,FW,9,LW,11,RW,17,DM,14,DM,20,WB,2,WB,4,CB,5,CB,3,CB,1,GK,4-2-3-1,9,FW,10,LW,11,RW,18,AM,31,DM,6,DM,23,LB,5,CB,2,CB,29,RB,1,GK,2,3,away
19,4-4-2,11,FW,9,FW,25,LM,18,CM,22,CM,10,RM,27,LB,12,CB,8,CB,2,RB,31,GK,4-3-3,9,FW,7,LW,19,RW,21,CM,16,CM,6,DM,12,LB,5,CB,13,CB,23,RB,1,GK,1,2,away
20,3-4-3,7,FW,11,AM,12,AM,19,CM,8,CM,14,WB,2,WB,27,CB,5,CB,6,CB,1,GK,4-2-3-1,9,FW,11,LW,19,RW,29,AM,17,CM,7,CM,3,LB,6,CB,4,CB,24,RB,13,GK,3,3,draw
21,4-4-2,27,FW,9,FW,11,LM,8,RM,16,DM,18,DM,3,LB,34,CB,28,CB,26,RB,1,GK,4-4-2,9,FW,10,FW,12,LM,6,CM,8,CM,17,RM,3,LB,4,CB,35,CB,2,RB,1,GK,0,1,away
22,3-5-2,14,FW,17,FW,23,CM,7,CM,8,DM,3,WB,2,WB,19,CB,22,CB,6,CB,1,GK,3-5-2,11,FW,9,FW,15,CM,43,CM,23,DM,22,WB,17,WB,6,CB,5,CB,2,CB,1,GK,0,1,away
23,4-2-3-1,10,FW,7,LW,27,RW,18,AM,8,DM,5,DM,33,LB,15,CB,6,CB,2,RB,1,GK,3-4-3,13,FW,9,LW,24,RW,16,CM,8,CM,11,WB,19,WB,18,CB,6,CB,14,CB,26,GK,1,1,draw
24,4-2-3-1,7,FW,47,LW,26,RW,17,AM,16,DM,25,DM,22,LB,6,CB,50,CB,2,RB,31,GK,3-4-3,9,FW,15,LW,26,RW,24,DM,8,DM,2,WB,27,WB,4,CB,6,CB,18,CB,1,GK,2,5,away
25,3-4-3,30,FW,18,AM,20,AM,41,DM,28,DM,26,WB,24,WB,3,CB,21,CB,4,CB,1,GK,3-4-3,9,FW,7,LW,37,RW,28,CM,8,CM,29,WB,22,WB,27,CB,16,CB,15,CB,11,GK,4,0,home
26,3-4-3,9,FW,17,AM,14,AM,10,DM,29,DM,23,WB,2,WB,13,CB,3,CB,4,CB,1,GK,4-3-3,11,FW,10,LW,17,RW,14,CM,7,CM,6,DM,18,LB,5,CB,4,CB,2,RB,26,GK,0,3,away
27,4-3-3,9,FW,10,LW,11,RW,5,CM,8,CM,3,DM,26,LB,4,CB,12,CB,66,RB,1,GK,3-4-3,9,FW,14,LW,12,RW,34,DM,25,DM,15,WB,2,WB,3,CB,23,CB,16,CB,1,GK,3,1,home
28,4-2-3-1,9,FW,11,LW,20,RW,29,AM,5,DM,7,DM,21,LB,15,CB,6,CB,28,RB,16,GK,4-4-2,9,FW,11,FW,25,LM,22,CM,18,CM,10,RM,27,LB,12,CB,8,CB,2,RB,31,GK,4,0,home
29,4-3-3,9,FW,7,LW,19,RW,10,CM,16,CM,26,DM,12,LB,5,CB,13,CB,23,RB,1,GK,3-4-3,7,FW,9,LW,11,RW,17,DM,8,DM,20,WB,2,WB,4,CB,5,CB,3,CB,1,GK,4,2,home
30,4-5-1,9,FW,10,LM,43,CM,11,CM,17,RM,23,DM,15,LB,6,CB,5,CB,2,RB,1,GK,4-3-3,26,FW,7,LW,21,RW,47,CM,17,CM,16,DM,22,LB,14,CB,3,CB,2,RB,31,GK,1,1,draw
31,4-4-2,13,FW,9,FW,10,LM,16,RM,14,DM,8,DM,15,LB,18,CB,5,CB,17,RB,26,GK,4-4-2,9,FW,10,FW,11,LM,16,CM,18,CM,8,RM,3,LB,5,CB,28,CB,26,RB,1,GK,3,1,home
32,3-4-3,9,FW,15,LW,17,RW,24,DM,8,DM,2,WB,27,WB,4,CB,6,CB,18,CB,1,GK,3-4-3,30,FW,18,CM,20,CM,41,DM,28,DM,26,WB,5,WB,3,CB,21,CB,4,CB,1,GK,0,3,away
33,4-4-2,9,FW,10,FW,12,LM,17,RM,6,DM,8,DM,3,LB,4,CB,35,CB,2,RB,1,GK,4-2-3-1,7,FW,11,LW,21,RW,12,RW,19,DM,8,DM,14,LB,5,CB,6,CB,27,RB,1,GK,2,0,home
34,4-3-3,30,FW,14,LW,12,RW,7,CM,25,CM,8,DM,3,LB,6,CB,23,CB,2,RB,1,GK,3-5-2,17,FW,14,FW,23,CM,7,CM,8,DM,3,WB,2,WB,19,CB,12,CB,6,CB,1,GK,2,1,home
35,3-5-2,10,FW,9,FW,7,CM,32,CM,8,DM,27,WB,22,WB,49,CB,16,CB,15,CB,11,GK,4-2-3-1,9,FW,23,LW,17,RW,14,AM,29,CM,10,CM,33,LB,20,CB,13,CB,34,RB,1,GK,1,0,home
36,4-2-3-1,9,FW,10,LW,11,RW,18,AM,6,CM,31,CM,23,LB,5,CB,3,CB,29,RB,1,GK,4-3-3,10,FW,7,LW,11,RW,28,CM,17,CM,5,DM,3,LB,15,CB,6,CB,24,RB,1,GK,1,6,away
37,4-2-3-1,11,FW,10,LW,17,RW,20,AM,7,DM,6,DM,18,LB,5,CB,4,CB,2,RB,26,GK,4-3-3,9,FW,20,LW,11,RW,5,CM,8,CM,3,DM,26,LB,4,CB,12,CB,66,RB,13,GK,7,2,home
38,4-3-3,9,FW,7,LW,19,RW,21,CM,16,CM,6,DM,12,LB,5,CB,13,CB,23,RB,1,GK,4-3-3,9,FW,10,LW,11,RW,6,CM,14,CM,3,DM,26,LB,4,CB,32,CB,66,RB,13,GK,2,2,draw
39,4-2-3-1,11,FW,19,LW,10,RW,29,AM,7,DM,5,DM,21,LB,15,CB,4,CB,28,RB,1,GK,4-4-2,9,FW,10,FW,11,LM,6,CM,8,CM,32,RM,3,LB,4,CB,35,CB,2,RB,1,GK,3,3,draw
40,3-5-2,10,FW,7,FW,20,CM,27,CM,16,DM,47,WB,26,WB,6,CB,3,CB,2,CB,31,GK,3-4-3,12,FW,14,LW,19,RW,8,DM,34,DM,7,WB,2,WB,3,CB,6,CB,23,CB,1,GK,1,0,home
41,4-1-4-1,13,FW,10,LM,16,CM,8,CM,9,RM,14,DM,15,LB,18,CB,6,CB,17,RB,26,GK,4-2-3-1,10,FW,21,LW,8,RW,18,AM,17,DM,39,DM,23,LB,5,CB,2,CB,29,RB,1,GK,1,4,away
42,3-5-2,17,FW,9,FW,7,CM,8,CM,16,DM,13,WB,2,WB,3,WB,12,CB,6,CB,1,GK,4-2-3-1,9,FW,19,LW,17,RW,15,AM,29,DM,10,DM,33,LB,13,CB,16,CB,34,RB,1,GK,1,1,draw
43,4-4-2,11,FW,23,FW,15,LM,18,CM,44,CM,10,RM,27,LB,24,CB,8,CB,2,RB,31,GK,3-4-3,9,FW,11,LW,14,RW,8,CM,3,DM,20,WB,2,WB,33,CB,5,CB,4,CB,1,GK,1,1,draw
44,4-2-3-1,10,FW,7,LW,23,RW,28,AM,5,CM,17,CM,3,LB,6,CB,4,CB,24,RB,1,GK,3-4-3,30,FW,18,AM,20,AM,41,DM,28,DM,26,WB,5,WB,3,CB,21,CB,4,CB,1,GK,3,3,draw
45,4-1-4-1,14,FW,15,LM,26,CM,8,CM,17,RM,24,DM,2,LB,6,CB,3,CB,27,RB,1,GK,4-2-3-1,11,FW,10,LW,17,RW,20,AM,7,CM,6,CM,18,LB,5,CB,4,CB,2,RB,26,GK,0,1,away
46,4-5-1,29,FW,11,LM,17,CM,18,CM,12,RM,8,DM,14,LB,26,CB,20,CB,2,RB,1,GK,4-4-2,9,FW,10,FW,11,LM,7,RM,8,DM,18,DM,3,LB,5,CB,28,CB,23,RB,1,GK,0,0,draw
47,4-1-4-1,9,FW,22,LM,20,CM,43,CM,17,RM,23,DM,15,LB,21,CB,5,CB,2,RB,1,GK,3-5-2,10,FW,9,FW,7,CM,32,CM,28,DM,27,WB,22,WB,49,CB,16,CB,15,CB,11,GK,0,1,away
48,4-2-3-1,11,FW,10,LW,17,RW,20,AM,6,CM,7,CM,18,LB,5,CB,4,CB,2,RB,26,GK,4-4-1-1,9,FW,20,AM,22,LM,43,CM,21,CM,17,RM,10,LB,2,CB,5,CB,15,RB,1,GK,0,3,away
49,3-4-3,30,FW,18,LW,20,RW,41,CM,28,CM,26,WB,5,WB,3,CB,21,CB,4,CB,1,GK,4-3-3,10,FW,7,LW,26,RW,8,CM,20,CM,16,DM,27,LB,50,CB,3,CB,2,RB,31,GK,1,1,draw
50,4-3-3,9,FW,19,LW,15,RW,10,CM,29,CM,18,DM,33,LB,13,CB,16,CB,34,RB,1,GK,4-4-2,11,FW,23,FW,15,LM,10,RM,44,DM,4,DM,27,LB,6,CB,8,CB,17,RB,31,GK,1,2,away
51,4-2-3-1,10,FW,21,LW,8,RW,18,AM,17,DM,39,DM,23,LB,5,CB,2,CB,29,RB,1,GK,3-4-3,11,FW,10,AM,29,AM,7,DM,5,DM,21,WB,24,WB,15,CB,6,CB,28,CB,16,GK,0,0,draw
52,4-2-3-1,11,FW,10,LW,20,RW,9,AM,5,DM,14,DM,26,LB,12,CB,3,CB,66,RB,1,GK,3-5-2,24,FW,9,FW,7,CM,8,CM,22,DM,23,WB,2,WB,3,CB,12,CB,6,CB,1,GK,2,1,home
53,4-4-2,10,FW,9,FW,11,LM,17,RM,6,DM,8,DM,3,LB,4,CB,35,CB,2,RB,1,GK,4-3-3,9,FW,17,LW,19,RW,10,CM,16,CM,6,DM,12,LB,5,CB,13,CB,22,RB,1,GK,2,0,home
54,3-4-3,9,FW,10,LW,7,RW,8,CM,32,CM,27,WB,22,WB,49,CB,16,CB,15,CB,11,GK,3-5-2,10,FW,13,FW,24,CM,21,CM,16,DM,15,WB,23,WB,18,CB,6,CB,5,CB,26,GK,1,1,draw
55,3-4-3,9,FW,7,LW,14,RW,8,DM,18,DM,3,WB,2,WB,34,CB,6,CB,23,CB,1,GK,3-4-3,15,FW,10,AM,26,AM,24,DM,8,DM,2,WB,27,WB,28,CB,6,CB,3,CB,1,GK,0,1,away
56,3-4-3,9,FW,11,LW,14,RW,8,CM,3,CM,20,WB,2,WB,33,CB,34,CB,4,CB,1,GK,4-1-4-1,29,FW,11,LM,17,CM,18,CM,12,RM,8,DM,14,LB,6,CB,20,CB,2,RB,1,GK,1,1,draw
57,4-4-2,9,FW,10,FW,11,LM,8,CM,18,CM,7,RM,3,LB,5,CB,28,CB,2,RB,1,GK,4-2-3-1,10,FW,7,LW,27,RW,28,AM,5,CM,17,CM,33,LB,15,CB,4,CB,2,RB,1,GK,0,1,away
58,3-4-3,9,FW,10,LW,7,RW,8,CM,32,CM,3,WB,22,WB,49,CB,16,CB,15,CB,11,GK,4-4-2,11,FW,23,FW,15,LM,10,RM,4,DM,44,DM,3,LB,6,CB,8,CB,17,RB,31,GK,2,0,home
59,3-5-2,24,FW,9,FW,23,CM,8,CM,22,DM,13,WB,2,WB,3,CB,12,CB,6,CB,1,GK,4-3-3,21,FW,7,LW,26,RW,20,CM,17,CM,16,DM,27,LB,14,CB,3,CB,2,RB,31,GK,0,1,away
60,4-4-2,10,FW,9,FW,11,LM,8,RM,16,DM,18,DM,3,LB,5,CB,28,CB,2,RB,1,GK,4-3-3,9,FW,11,LW,22,RW,19,CM,29,CM,7,DM,21,LB,6,CB,15,CB,24,RB,16,GK,0,3,away
61,4-3-3,9,FW,10,LW,11,RW,5,CM,17,CM,14,DM,26,LB,12,CB,47,CB,66,RB,1,GK,3-4-3,22,FW,18,AM,20,AM,41,DM,28,DM,26,WB,5,WB,3,CB,21,CB,4,CB,1,GK,2,1,home
62,4-2-3-1,11,FW,10,LW,15,RW,20,AM,6,DM,7,DM,18,LB,5,CB,4,CB,2,RB,26,GK,4-4-2,10,FW,9,FW,32,LM,17,RM,8,DM,6,DM,3,LB,4,CB,35,CB,2,RB,1,GK,3,4,away
63,3-5-2,10,FW,13,FW,24,CM,36,CM,16,DM,15,WB,23,WB,18,CB,6,CB,5,CB,26,GK,4-3-2-1,9,FW,21,AM,10,AM,8,CM,16,CM,6,DM,18,LB,5,CB,13,CB,2,RB,33,GK,2,1,home
64,4-4-2◆,10,FW,11,FW,18,AM,6,CM,39,CM,17,DM,23,LB,5,CB,2,CB,29,RB,1,GK,3-4-3,9,FW,14,LW,12,RW,25,DM,18,DM,7,WB,2,WB,3,CB,6,CB,16,CB,1,GK,0,1,away
65,4-2-3-1,10,FW,7,LW,11,RW,28,AM,5,DM,17,DM,3,LB,15,CB,4,CB,2,RB,1,GK,3-5-1-1,11,FW,14,AM,8,CM,13,CM,3,DM,20,WB,2,WB,33,CB,34,CB,4,CB,26,GK,2,1,home
66,4-2-3-1,9,FW,19,LW,14,RW,10,AM,18,DM,29,DM,33,LB,16,CB,5,CB,34,RB,1,GK,4-1-4-1,29,FW,11,LM,18,CM,8,CM,12,RM,17,DM,14,LB,6,CB,20,CB,2,RB,1,GK,2,0,home
67,4-1-4-1,9,FW,22,LM,46,CM,19,CM,17,RM,43,DM,15,LB,6,CB,5,CB,2,RB,1,GK,3-4-3,9,FW,15,AM,26,AM,24,DM,8,DM,33,WB,11,WB,28,CB,3,CB,2,CB,1,GK,1,4,away
68,3-5-2,9,FW,18,FW,14,CM,13,CM,8,DM,33,WB,2,WB,4,CB,3,CB,34,CB,1,GK,4-4-2,10,FW,9,FW,11,LM,12,RM,8,DM,18,DM,3,LB,6,CB,5,CB,2,RB,1,GK,0,0,draw
69,4-4-2,32,FW,10,FW,12,LM,17,RM,8,DM,6,DM,5,LB,4,CB,35,CB,2,RB,1,GK,3-5-2,10,FW,13,FW,24,CM,36,CM,16,DM,15,WB,23,WB,18,CB,6,CB,5,CB,26,GK,2,0,home
70,4-3-3,9,FW,20,LW,19,RW,10,CM,16,CM,6,DM,12,LB,4,CB,5,CB,23,RB,1,GK,4-2-3-1,9,FW,10,LW,8,RW,18,AM,17,DM,39,DM,23,LB,5,CB,2,CB,29,RB,1,GK,1,3,away
71,4-4-2,11,FW,9,FW,25,LM,18,CM,44,CM,10,RM,3,LB,6,CB,8,CB,17,RB,31,GK,3-5-1-1,9,FW,43,AM,22,CM,17,CM,21,DM,10,WB,15,WB,6,CB,5,CB,2,CB,1,GK,4,1,home
72,4-3-3,9,FW,11,LW,22,RW,19,CM,17,CM,7,DM,21,LB,6,CB,15,CB,24,RB,16,GK,3-5-2,17,FW,24,FW,7,CM,8,CM,16,DM,13,WB,2,WB,3,CB,12,CB,6,CB,1,GK,4,1,home
73,3-4-3,22,FW,18,LW,20,RW,28,DM,41,DM,26,WB,5,WB,3,CB,21,CB,4,CB,1,GK,4-2-3-1,9,FW,19,LW,14,RW,10,AM,21,CM,29,CM,33,LB,16,CB,5,CB,34,RB,1,GK,1,0,home
74,3-5-2,29,FW,7,FW,17,CM,18,CM,8,DM,14,WB,2,WB,27,CB,5,CB,6,CB,1,GK,4-2-3-1,10,FW,7,LW,9,RW,28,AM,5,DM,17,DM,3,LB,15,CB,4,CB,2,RB,1,GK,0,1,away
75,3-4-3,9,FW,10,LW,26,RW,24,CM,8,CM,33,WB,2,WB,28,CB,6,CB,3,CB,1,GK,3-4-3,9,FW,10,LW,7,RW,8,DM,32,DM,3,WB,22,WB,49,CB,16,CB,15,CB,11,GK,1,0,home
76,4-2-3-1,9,FW,7,LW,21,RW,17,AM,8,DM,16,DM,27,LB,14,CB,3,CB,2,RB,31,GK,4-2-3-1,11,FW,10,LW,20,RW,9,AM,5,DM,14,DM,26,LB,12,CB,32,CB,66,RB,1,GK,1,1,draw
77,3-4-3,9,FW,14,LW,12,RW,25,DM,18,DM,7,WB,2,WB,3,CB,6,CB,16,CB,1,GK,4-2-3-1,11,FW,10,LW,17,RW,20,AM,7,DM,6,DM,18,LB,5,CB,4,CB,2,RB,26,GK,0,3,away
78,3-4-3,9,FW,10,LW,23,RW,14,DM,36,DM,15,WB,19,WB,2,CB,6,CB,18,CB,26,GK,4-3-3,9,FW,11,LW,22,RW,19,CM,17,CM,7,DM,21,LB,2,CB,15,CB,24,RB,16,GK,0,2,away
79,4-2-3-1,11,FW,10,LW,17,RW,20,AM,7,CM,6,CM,18,LB,5,CB,4,CB,2,RB,26,GK,3-4-1-2,9,FW,18,FW,14,AM,13,DM,8,DM,20,WB,2,WB,4,CB,5,CB,3,CB,1,GK,1,2,away
80,4-2-3-1,10,FW,23,LW,7,RW,28,AM,5,DM,17,DM,3,LB,15,CB,4,CB,24,RB,1,GK,4-3-3,9,FW,21,LW,26,RW,20,CM,17,CM,16,DM,27,LB,14,CB,3,CB,2,RB,31,GK,2,0,home
81,4-2-3-1,9,FW,10,LW,8,RW,18,AM,17,CM,31,CM,27,LB,5,CB,2,CB,29,RB,1,GK,3-4-3,29,FW,11,AM,12,AM,18,CM,19,CM,14,WB,2,WB,5,CB,20,CB,6,CB,1,GK,1,0,home
82,4-2-3-1,17,FW,19,LW,14,RW,10,AM,18,DM,21,DM,33,LB,16,CB,5,CB,34,RB,1,GK,3-4-3,9,FW,7,LW,19,RW,6,DM,16,DM,12,WB,17,WB,5,CB,13,CB,22,CB,1,GK,2,3,away
83,3-5-2,17,FW,9,FW,4,CM,8,CM,16,DM,13,WB,2,WB,22,CB,12,CB,6,CB,1,GK,3-4-3,22,FW,18,AM,20,AM,28,DM,41,DM,26,WB,5,WB,3,CB,21,CB,4,CB,1,GK,0,1,away
84,4-1-4-1,9,FW,22,LM,15,CM,43,CM,18,RM,23,DM,10,LB,6,CB,5,CB,2,RB,1,GK,4-2-3-1,14,FW,12,LW,19,RW,28,AM,34,CM,8,CM,3,LB,6,CB,16,CB,2,RB,1,GK,0,0,draw
85,4-3-3,9,FW,10,LW,20,RW,8,CM,17,CM,5,DM,26,LB,3,CB,32,CB,7,RB,1,GK,3-4-3,9,FW,15,AM,10,AM,24,DM,8,DM,2,WB,11,WB,28,CB,6,CB,3,CB,1,GK,3,0,home
86,4-4-2,19,FW,9,FW,11,LM,7,RM,8,DM,18,DM,3,LB,6,CB,5,CB,2,RB,1,GK,4-4-2,9,FW,23,FW,25,LM,10,RM,18,DM,44,DM,3,LB,6,CB,8,CB,17,RB,31,GK,1,0,home
87,4-3-3,9,FW,10,LW,37,RW,28,CM,32,CM,8,DM,3,LB,15,CB,49,CB,22,RB,11,GK,4-4-2,10,FW,32,FW,12,LM,17,RM,6,DM,8,DM,3,LB,4,CB,35,CB,2,RB,1,GK,1,1,draw
88,4-2-3-1,9,FW,25,LW,10,RW,15,AM,18,DM,8,DM,3,LB,24,CB,6,CB,17,RB,31,GK,4-4-2,9,FW,13,FW,24,LM,16,RM,8,DM,36,DM,15,LB,2,CB,18,CB,19,RB,26,GK,0,2,away
89,3-4-1-2,7,FW,18,FW,9,AM,8,DM,13,DM,20,WB,34,WB,4,CB,5,CB,3,CB,1,GK,4-3-3,9,FW,20,LW,11,RW,7,CM,18,CM,5,DM,26,LB,3,CB,47,CB,76,RB,1,GK,1,1,draw
90,4-2-3-1,9,FW,21,LW,26,RW,17,AM,8,DM,16,DM,22,LB,3,CB,5,CB,2,RB,31,GK,4-4-1-1,9,FW,11,AM,10,LM,41,CM,18,CM,19,RM,3,LB,6,CB,5,CB,2,RB,15,GK,5,0,home
91,3-4-3,9,FW,7,AM,19,AM,6,CM,16,CM,17,WB,26,WB,4,CB,5,CB,22,CB,1,GK,4-4-1-1,9,FW,22,AM,10,LM,23,CM,43,CM,18,RM,15,LB,6,CB,5,CB,2,RB,1,GK,0,1,away
92,3-4-1-2,7,FW,29,FW,12,AM,18,DM,19,DM,14,WB,2,WB,5,CB,20,CB,6,CB,1,GK,3-5-2,14,FW,9,FW,4,CM,8,CM,16,DM,13,WB,2,WB,29,CB,12,CB,6,CB,1,GK,1,0,home
93,4-4-2,10,FW,32,FW,12,LM,17,RM,6,DM,8,DM,3,LB,4,CB,35,CB,2,RB,1,GK,4-4-2◆,10,FW,11,FW,18,AM,34,CM,17,CM,31,DM,27,LB,5,CB,2,CB,29,RB,1,GK,2,3,away
94,4-3-3,9,FW,11,LW,22,RW,19,CM,17,CM,7,DM,21,LB,6,CB,15,CB,24,RB,16,GK,4-2-3-1,10,FW,23,LW,7,RW,28,AM,5,DM,17,DM,3,LB,15,CB,14,CB,24,RB,1,GK,0,0,draw
95,4-2-3-1,14,FW,7,LW,12,RW,28,AM,34,DM,8,DM,3,LB,6,CB,23,CB,2,RB,1,GK,4-2-3-1,9,FW,7,LW,37,RW,10,AM,28,DM,32,DM,5,LB,16,CB,15,CB,22,RB,11,GK,1,2,away
96,3-4-3,9,FW,10,AM,26,AM,24,DM,8,DM,33,WB,2,WB,28,CB,6,CB,3,CB,1,GK,3-4-3,17,FW,19,LW,15,RW,29,CM,21,CM,33,WB,14,WB,16,CB,5,CB,34,CB,1,GK,1,2,away
97,3-4-3,30,FW,18,AM,20,AM,28,DM,41,DM,26,WB,5,WB,3,LB,21,CB,4,CB,1,GK,4-3-3,11,FW,10,LW,17,RW,14,CM,7,CM,6,DM,18,LB,5,CB,4,CB,2,RB,26,GK,2,1,home
98,4-4-2,19,FW,9,FW,11,LM,12,RM,8,DM,18,DM,3,LB,6,CB,5,CB,2,RB,1,GK,3-4-3,9,FW,7,LW,19,RW,6,DM,16,CM,8,WB,17,RB,5,CB,13,CB,22,LB,1,GK,1,1,draw
99,4-2-3-1,9,FW,7,LW,26,RW,17,AM,8,DM,16,DM,22,LB,3,CB,5,CB,27,RB,31,GK,3-4-1-2,17,FW,19,FW,15,AM,21,DM,29,DM,33,WB,14,WB,16,CB,5,CB,34,CB,1,GK,2,0,home
100,3-4-3,22,FW,18,AM,20,AM,28,DM,41,DM,26,WB,5,WB,3,CB,21,CB,4,CB,1,GK,4-2-3-1,7,FW,9,LW,11,RW,34,AM,6,DM,39,DM,27,LB,5,CB,2,CB,29,RB,26,GK,1,3,away
101,4-3-3,18,FW,11,LW,22,RW,19,CM,29,CM,7,DM,21,LB,6,CB,15,CB,24,RB,16,GK,4-4-1-1,9,FW,43,AM,22,LM,23,CM,15,CM,18,RM,10,LB,6,CB,5,CB,2,RB,1,GK,3,1,home
102,3-4-1-2,29,FW,11,FW,12,AM,18,CM,19,CM,10,WB,2,WB,5,CB,20,CB,6,CB,1,GK,4-4-2,11,FW,20,FW,25,LM,15,RM,18,DM,4,DM,3,LB,24,CB,8,CB,17,RB,31,GK,1,5,away
103,3-5-2,9,FW,14,FW,4,CM,7,CM,8,DM,13,WB,2,WB,29,CB,12,CB,6,CB,1,GK,3-4-3,9,FW,10,LW,17,RW,24,DM,8,DM,2,WB,11,WB,28,CB,6,CB,3,CB,1,GK,1,2,away
104,4-2-3-1,10,FW,7,LW,23,RW,18,AM,5,DM,17,DM,3,LB,15,CB,4,CB,24,RB,1,GK,4-4-2,14,FW,9,FW,7,LM,12,RM,34,DM,18,DM,3,LB,6,CB,16,CB,2,RB,1,GK,2,0,home
105,4-3-3,9,FW,10,LW,11,RW,5,CM,17,CM,14,DM,26,LB,3,CB,32,CB,76,RB,62,GK,4-3-3,10,FW,7,LW,37,RW,8,CM,32,CM,28,DM,5,LB,16,CB,15,CB,22,RB,11,GK,4,0,home
106,3-4-1-2,18,FW,7,FW,13,AM,8,DM,3,DM,20,WB,2,WB,4,CB,5,CB,34,CB,1,GK,4-4-2,10,FW,32,FW,12,LM,17,RM,6,DM,8,DM,3,LB,4,CB,35,CB,2,RB,1,GK,1,2,away
107,4-1-4-1,9,FW,22,LM,43,CM,20,CM,18,RM,23,DM,10,LB,6,CB,2,CB,15,RB,1,GK,4-2-3-1,22,FW,18,LW,20,RW,9,AM,28,CM,41,CM,3,LB,21,CB,4,CB,5,RB,1,GK,1,2,away
108,4-2-3-1,17,FW,7,LW,37,RW,10,AM,28,DM,32,DM,5,LB,27,CB,16,CB,22,RB,11,GK,4-3-3,11,FW,10,LW,15,RW,7,CM,41,CM,6,DM,18,LB,5,CB,4,CB,2,RB,26,GK,0,1,away
109,4-4-2,9,FW,13,FW,11,LM,24,RM,8,DM,36,DM,15,LB,2,CB,14,CB,17,RB,26,GK,3-4-1-2,29,FW,7,FW,17,AM,19,DM,18,DM,10,WB,2,WB,27,CB,20,CB,6,CB,1,GK,2,1,home
110,4-2-3-1◆,10,FW,6,LW,11,RW,18,AM,17,DM,39,DM,23,LB,5,CB,2,CB,29,RB,1,GK,4-2-3-1,9,FW,7,LW,26,RW,17,AM,25,CM,16,CM,27,LB,3,CB,5,CB,2,RB,31,GK,0,0,draw
111,4-3-3,9,FW,7,LW,17,RW,10,CM,16,CM,6,DM,22,LB,5,CB,13,CB,4,RB,1,GK,4-3-3,18,FW,11,LW,29,RW,19,CM,17,CM,7,DM,21,LB,6,CB,15,CB,24,RB,16,GK,1,0,home
112,4-4-2,10,FW,9,FW,32,LM,17,RM,6,DM,8,DM,3,LB,4,CB,35,CB,2,RB,1,GK,3-5-2,10,FW,9,FW,4,CM,8,CM,22,DM,3,WB,2,WB,15,CB,12,CB,6,CB,1,GK,3,0,home
113,4-4-2,11,FW,20,FW,25,LM,15,RM,18,DM,4,DM,3,LB,24,CB,8,CB,17,RB,31,GK,4-2-3-1,10,FW,7,LW,23,RW,28,AM,5,DM,17,DM,3,LB,15,CB,4,CB,24,RB,1,GK,1,1,draw
114,3-4-3,17,FW,19,LW,15,RW,18,DM,29,DM,33,WB,14,WB,16,CB,5,CB,34,CB,1,GK,4-3-3,9,FW,10,LW,11,RW,5,CM,17,CM,14,DM,26,LB,3,CB,32,CB,66,RB,1,GK,1,1,draw
115,4-2-3-1,14,FW,7,LW,12,RW,9,AM,34,DM,25,DM,3,LB,6,CB,16,CB,2,RB,1,GK,4-4-1-1,9,FW,19,AM,11,LM,12,RM,8,DM,18,DM,3,LB,6,CB,5,CB,2,RB,1,GK,0,1,away
116,3-4-3,9,FW,10,AM,17,AM,8,DM,25,DM,2,WB,11,WB,28,CB,6,CB,3,CB,1,GK,4-2-3-1,18,FW,20,LW,16,RW,9,AM,8,DM,13,DM,33,LB,5,CB,3,CB,34,RB,1,GK,3,0,home
117,3-4-1-2,7,FW,17,FW,10,AM,8,DM,32,DM,5,WB,22,WB,27,CB,16,CB,15,CB,11,GK,4-3-3,18,FW,10,LW,11,RW,19,CM,29,CM,7,DM,21,LB,6,CB,15,CB,24,RB,16,GK,2,1,home
118,4-2-3-1,9,FW,47,LW,7,RW,17,AM,8,DM,16,DM,22,LB,6,CB,3,CB,27,RB,31,GK,4-1-4-1,29,FW,11,LM,18,CM,8,CM,10,RM,19,DM,3,LB,27,CB,6,CB,2,RB,1,GK,1,1,draw
119,3-4-3,30,FW,14,LW,19,RW,8,DM,25,DM,7,WB,15,WB,3,CB,6,CB,16,CB,1,GK,4-4-2,10,FW,9,FW,32,LM,17,RM,6,DM,8,DM,3,LB,4,CB,35,CB,2,RB,1,GK,1,1,draw
120,4-2-3-1,9,FW,15,LW,19,RW,10,AM,24,DM,8,DM,28,LB,25,CB,3,CB,2,RB,1,GK,4-3-3,9,FW,7,LW,17,RW,16,CM,10,CM,6,DM,22,LB,5,CB,13,CB,4,RB,33,GK,0,2,away
121,4-1-4-1,9,FW,22,LM,43,CM,20,CM,18,RM,23,DM,10,LB,6,CB,2,CB,15,RB,1,GK,4-4-2,9,FW,13,FW,21,LM,14,CM,36,CM,16,RM,15,LB,2,CB,18,CB,23,RB,26,GK,5,2,home
122,4-2-3-1,22,FW,18,LW,20,RW,9,LW,28,DM,41,DM,3,LB,21,CB,23,CB,5,RB,1,GK,4-4-2,11,FW,20,FW,25,LM,18,CM,4,CM,10,RM,3,LB,6,CB,8,CB,2,RB,31,GK,1,1,draw
123,3-4-3,17,FW,19,LW,15,RW,21,CM,29,CM,33,WB,14,WB,16,CB,5,CB,34,CB,1,GK,3-4-3,18,FW,11,LW,14,RW,17,DM,8,DM,20,WB,2,WB,4,CB,5,CB,3,CB,26,GK,0,0,draw
124,4-3-3,9,FW,10,LW,11,RW,5,CM,17,CM,14,DM,26,LB,3,CB,46,CB,66,RB,1,GK,4-4-2,7,FW,10,FW,23,LM,18,CM,5,CM,17,RM,33,LB,15,CB,4,CB,24,RB,1,GK,2,1,home
125,4-2-3-1,11,FW,21,LW,15,RW,10,AM,19,CM,7,CM,18,LB,5,CB,30,CB,27,RB,26,GK,4-4-2,19,FW,9,FW,11,LM,12,RM,8,DM,18,DM,3,LB,6,CB,5,CB,2,RB,1,GK,0,0,draw
126,3-5-2,17,FW,14,FW,4,CM,8,CM,22,DM,3,WB,2,WB,19,CB,12,CB,6,CB,1,GK,4-2-3-1,9,FW,10,LW,11,RW,18,AM,6,CM,31,DM,27,LB,5,CB,2,CB,29,RB,26,GK,2,3,away
127,4-4-2,9,FW,11,FW,25,LM,15,RM,18,DM,4,DM,3,LB,24,CB,8,CB,17,RB,31,GK,4-3-3,9,FW,18,LW,10,RW,5,CM,8,CM,14,DM,26,LB,3,CB,32,CB,66,RB,1,GK,0,7,away
128,4-4-2,10,FW,9,FW,12,LM,6,CM,8,CM,32,RM,3,LB,4,CB,35,CB,2,RB,1,GK,4-2-3-1,21,FW,7,LW,20,RW,17,FW,16,CM,8,CM,27,LB,3,CB,5,CB,2,RB,31,GK,0,1,away
129,4-2-3-1,9,FW,7,LW,17,RW,10,AM,26,DM,16,DM,22,LB,5,CB,13,CB,4,RB,1,GK,3-4-3,30,FW,12,LW,19,RW,25,CM,8,CM,7,WB,15,WB,3,CB,23,CB,16,CB,1,GK,2,1,home
130,4-4-2,9,FW,13,FW,24,LM,36,CM,8,CM,11,RM,3,LB,2,CB,18,CB,22,RB,26,GK,4-2-3-1,9,FW,19,LW,14,RW,10,AM,18,DM,29,DM,33,LB,16,CB,5,CB,34,RB,1,GK,1,1,draw
131,3-4-3,7,FW,9,AM,11,AM,14,DM,8,DM,20,WB,34,WB,4,CB,5,CB,3,CB,26,GK,3-5-2,17,FW,24,FW,4,CM,7,AM,22,DM,3,LB,2,RB,19,CB,12,CB,6,DM,1,GK,1,1,draw
132,4-2-3-1,10,FW,7,LW,18,RW,28,AM,5,DM,17,DM,3,LB,15,CB,4,CB,24,RB,1,GK,4-2-3-1,9,FW,15,LW,11,RW,10,AM,8,DM,25,DM,27,LB,6,CB,3,CB,2,RB,1,GK,0,2,away
133,4-2-3-1,9,FW,10,LW,21,RW,18,AM,17,DM,39,DM,23,LB,5,CB,2,CB,29,RB,1,GK,4-1-4-1,9,FW,22,RM,43,CM,20,CM,18,RM,23,DM,10,LB,6,CB,2,CB,15,RB,1,GK,6,2,home
134,4-1-4-1,29,FW,11,LM,18,CM,8,CM,10,RM,19,DM,3,LB,27,CB,6,CB,2,RB,1,GK,4-2-3-1,11,FW,21,LW,15,RW,10,AM,7,DM,6,DM,18,LB,5,CB,30,CB,2,RB,26,GK,0,3,away
135,4-4-2,10,FW,9,FW,11,LM,12,RM,8,DM,18,DM,3,LB,6,CB,5,CB,2,RB,1,GK,3-4-1-2,10,FW,7,FW,54,AM,28,DM,8,DM,3,WB,22,WB,27,CB,16,CB,49,CB,11,GK,2,1,home
136,4-3-3,9,FW,11,LW,10,RW,19,CM,7,CM,5,DM,21,LB,6,CB,15,CB,28,RB,16,GK,4-2-3-1,22,FW,18,LW,20,RW,16,AM,41,CM,28,CM,3,LB,21,CB,4,CB,5,RB,1,GK,3,0,home
137,4-2-3-1,9,FW,15,LW,11,RW,10,AM,8,DM,25,DM,27,LB,6,CB,3,CB,2,RB,1,GK,4-2-3-1,9,FW,10,LW,21,RW,18,AM,17,CM,39,CM,23,LB,5,CB,3,CB,2,RB,1,GK,2,2,draw
138,3-5-2,19,FW,17,FW,29,CM,15,CM,21,DM,33,WB,14,WB,16,CB,5,CB,34,CB,1,GK,4-4-2,7,FW,10,FW,32,LM,17,RM,27,DM,8,DM,3,LB,5,CB,35,CB,2,RB,1,GK,0,0,draw
139,4-2-3-1,11,FW,21,LW,15,RW,10,LW,7,DM,6,DM,18,LB,5,AM,30,CB,2,RB,26,GK,4-4-2,20,FW,11,FW,25,LM,18,CM,4,CM,15,RM,3,LB,6,CB,8,CB,2,RB,31,GK,3,0,home
140,4-2-3-1,9,FW,35,LW,7,RW,32,AM,34,DM,25,DM,3,LB,22,CB,16,CB,2,RB,1,GK,4-3-3,9,FW,11,LW,10,RW,19,CM,17,CM,7,DM,21,LB,6,CB,15,CB,24,RB,16,GK,3,1,home
141,3-4-3,14,FW,24,LW,17,RW,23,DM,22,DM,3,WB,2,WB,19,CB,12,CB,6,CB,1,GK,4-2-3-1,9,FW,24,LW,17,RW,10,AM,26,DM,16,DM,22,LB,5,CB,13,CB,4,RB,1,GK,0,1,away
142,4-3-3◆,21,FW,20,RW,7,LW,8,CM,17,CM,16,DM,6,LB,3,CB,5,CB,27,RB,31,GK,3-4-3,9,FW,24,LW,23,RW,4,DM,14,DM,11,WB,22,WB,2,CB,5,CB,18,CB,26,GK,2,0,home
143,3-5-1-1,9,FW,20,AM,22,CM,18,CM,43,DM,10,WB,15,WB,21,CB,23,CB,2,CB,1,GK,4-4-2,10,FW,9,FW,23,LM,41,RM,18,DM,8,DM,3,LB,6,CB,5,CB,2,RB,1,GK,1,0,home
144,3-4-1-2,22,FW,20,FW,16,AM,41,DM,28,DM,31,WB,5,WB,3,CB,21,CB,4,CB,1,GK,3-4-3,18,FW,9,AM,11,AM,14,DM,8,DM,20,WB,3,WB,33,CB,5,CB,4,CB,26,GK,2,2,draw
145,4-3-3,9,FW,10,LW,11,RW,5,CM,17,CM,14,DM,26,LB,3,CB,32,CB,66,RB,1,GK,4-5-1,29,FW,11,LM,18,CM,10,CM,7,RM,19,DM,3,LB,27,CB,6,CB,2,RB,1,GK,1,1,draw
146,4-2-3-1,17,FW,7,LW,37,RW,10,AM,28,DM,8,DM,5,LB,27,CB,16,CB,22,RB,11,GK,3-4-1-2,7,FW,10,FW,28,AM,5,CM,8,CM,3,WB,2,WB,33,CB,15,CB,6,CB,1,GK,1,1,draw
147,4-4-2,11,FW,20,FW,15,LM,10,RM,4,DM,44,DM,27,LB,8,CB,5,CB,17,RB,31,GK,4-2-3-1,14,FW,15,LW,17,RW,26,AM,24,DM,20,DM,33,LB,6,CB,18,CB,2,RB,1,GK,1,1,draw
148,4-3-3,18,FW,10,LW,20,RW,19,CM,7,CM,5,DM,21,LB,2,CB,4,CB,28,RB,16,GK,4-2-3-1,11,FW,21,LW,15,RW,10,AM,7,CM,6,CM,18,LB,30,CB,4,CB,2,RB,26,GK,1,1,draw
149,4-4-2,10,FW,9,FW,12,LM,6,CM,8,CM,32,RM,3,LB,5,CB,35,CB,2,RB,1,GK,4-5-1,22,FW,18,LM,28,CM,10,CM,7,RM,41,DM,3,LB,21,CB,15,CB,24,RB,1,GK,0,0,draw
150,4-1-4-1,29,FW,11,LM,18,CM,10,CM,7,RM,19,DM,22,LB,27,CB,6,CB,2,RB,1,GK,4-1-4-1,9,FW,22,LM,43,CM,20,CM,18,RM,23,DM,10,LB,21,CB,2,CB,15,RB,1,GK,0,5,away
151,4-4-2,10,FW,16,FW,30,LM,24,RM,13,DM,8,DM,33,LB,5,CB,4,CB,34,RB,26,GK,4-2-3-1,14,FW,35,LW,7,RW,32,AM,34,CM,25,CM,3,LB,22,CB,16,CB,2,RB,1,GK,0,1,away
152,4-4-2,10,FW,9,FW,23,LB,18,CM,8,CM,12,LM,3,LB,6,CB,5,CB,2,RB,1,GK,3-4-3,11,FW,24,LW,17,RW,23,DM,22,DM,3,WB,2,WB,19,CB,12,CB,6,CB,1,GK,1,0,home
153,4-2-3-1,7,FW,10,LW,11,RW,18,AM,31,CM,6,CM,27,LB,5,CB,3,CB,29,RB,1,GK,3-5-2,7,FW,37,FW,28,CM,8,CM,20,DM,3,WB,2,WB,49,CB,27,CB,16,CB,11,GK,1,0,home
154,3-4-3,13,FW,9,AM,23,AM,4,CM,14,CM,11,WB,22,WB,2,CB,5,CB,18,CB,26,GK,4-3-3,9,FW,10,LW,11,RW,7,CM,17,CM,14,DM,26,LB,3,CB,47,CB,66,RB,1,GK,0,0,draw
155,4-2-3-1,9,FW,7,LW,20,RW,10,AM,26,DM,16,DM,22,LB,4,CB,13,CB,23,RB,1,GK,4-2-3-1,22,FW,18,LW,20,RW,9,AM,28,CM,41,CM,3,LB,21,CB,15,CB,5,RB,35,GK,0,1,away
156,4-4-2◆,9,FW,10,FW,18,AM,6,CM,39,CM,17,DM,23,LB,5,CB,3,CB,29,RB,1,GK,4-2-3-1,11,FW,21,LW,15,RW,10,AM,6,DM,7,DM,18,LB,5,CB,4,CB,2,RB,26,GK,2,1,home
157,4-2-3-1,10,FW,7,LW,23,RW,28,AM,5,CM,8,CM,33,LB,15,CB,4,CB,2,RB,1,GK,4-1-4-1,9,FW,22,LM,43,CM,20,CM,18,RM,23,DM,10,LB,21,CB,2,CB,15,RB,1,GK,3,0,home
158,4-4-2,11,FW,20,FW,15,LM,10,RM,4,DM,18,DM,27,LB,8,CB,5,CB,2,RB,31,GK,3-5-2,11,FW,17,FW,4,CM,6,CM,16,DM,23,WB,20,WB,3,CB,12,CB,22,CB,1,GK,2,0,home
159,3-4-3,7,FW,9,LW,11,RW,8,DM,3,DM,20,WB,34,WB,33,CB,5,CB,4,CB,26,GK,4-2-3-1,17,FW,7,LW,37,RW,20,AM,8,DM,28,DM,3,LB,27,CB,16,CB,22,RB,11,GK,3,3,draw
160,4-4-1-1,7,FW,12,AM,11,LM,10,RM,18,DM,19,DM,27,LB,20,CB,6,CB,2,RB,1,GK,4-2-3-1,9,FW,14,LW,7,RW,32,AM,34,CM,8,CM,3,LB,22,CB,16,CB,2,RB,1,GK,0,4,away
161,3-4-3,13,FW,9,LW,24,RW,4,DM,36,DM,11,WB,22,WB,2,CB,5,CB,18,CB,26,GK,4-2-3-1,9,FW,15,LW,11,RW,10,AM,8,DM,25,DM,27,LB,6,CB,3,CB,2,RB,1,GK,1,2,away
162,4-3-3,11,FW,10,LW,22,RW,19,CM,17,CM,7,DM,21,LB,6,CB,15,CB,28,RB,16,GK,4-2-3-1,7,FW,47,LW,20,RW,17,AM,16,DM,8,DM,11,LB,3,CB,5,CB,27,RB,13,GK,1,3,away
163,4-4-2,32,LM,9,FW,12,LM,17,RM,8,DM,27,DM,3,LB,5,CB,35,CB,2,RB,44,GK,4-3-3,9,FW,10,LW,11,RW,5,CM,15,CM,6,DM,26,LB,3,CB,14,CB,66,RB,1,GK,1,0,home
164,3-5-2,14,FW,17,FW,4,CM,7,CM,16,DM,23,WB,20,WB,22,CB,12,CB,6,CB,1,GK,3-4-3,13,FW,21,LW,36,RW,16,CM,14,CM,3,WB,22,WB,2,CB,5,CB,18,CB,26,GK,1,0,home
165,4-4-2,10,FW,9,FW,12,LM,7,RM,8,DM,18,DM,23,LB,6,CB,5,CB,2,RB,1,GK,4-2-3-1,7,FW,9,LW,10,RW,18,AM,31,CM,6,CM,23,LB,5,CB,3,CB,29,RB,1,GK,0,1,away
166,4-3-3,18,FW,17,LW,7,RW,28,CM,32,CM,8,DM,3,LB,27,CB,16,CB,22,RB,11,GK,4-4-2,10,FW,19,FW,12,LM,17,RM,26,DM,16,DM,22,LB,5,CB,13,CB,4,RB,1,GK,1,2,away
167,4-3-3,20,FW,47,LW,26,RW,8,CM,17,CM,16,DM,11,LB,3,CB,5,CB,27,RB,31,GK,3-4-3,10,FW,11,LW,22,RW,3,CM,24,CM,30,WB,34,WB,33,CB,5,CB,4,CB,26,GK,1,0,home
168,4-2-3-1,10,FW,7,LW,17,RW,28,AM,8,DM,5,DM,3,LB,15,CB,6,CB,24,RB,1,GK,3-4-3,15,FW,17,LW,14,RW,29,CM,21,CM,33,WB,2,WB,16,CB,5,CB,34,CB,1,GK,1,1,draw
169,4-2-3-1,9,FW,14,LW,7,RW,32,AM,34,DM,8,DM,15,LB,23,CB,16,CB,2,RB,1,GK,4-4-2,11,FW,20,FW,25,LM,10,RM,4,DM,18,DM,27,LB,8,CB,5,CB,2,RB,31,GK,0,0,draw
170,4-3-3,17,FW,7,LW,37,RW,28,CM,32,CM,8,DM,27,LB,16,CB,15,CB,22,RB,11,GK,4-2-3-1,7,FW,13,LW,23,RW,12,AM,19,DM,8,DM,3,LB,5,CB,6,CB,27,RB,25,GK,2,3,away
171,4-5-1,9,FW,18,LM,43,CM,20,CM,22,RM,21,DM,10,LB,6,CB,2,CB,15,RB,13,GK,3-4-3,9,FW,10,AM,11,AM,13,DM,3,DM,20,WB,34,WB,33,CB,5,CB,4,CB,26,GK,0,1,away
172,4-2-3-1,30,FW,18,LW,20,RW,9,AM,41,DM,28,DM,3,LB,21,CB,15,CB,5,RB,1,GK,4-4-2,10,FW,9,FW,12,LM,7,RM,8,DM,18,DM,23,LB,6,CB,5,CB,2,RB,1,GK,1,0,home
173,3-5-2,19,FW,17,FW,29,CM,14,CM,21,DM,33,WB,2,WB,16,CB,5,CB,34,CB,1,GK,4-3-3,18,FW,10,LW,22,RW,19,CM,17,CM,5,DM,21,LB,2,CB,6,CB,28,RB,16,GK,0,1,away
174,4-2-3-1,9,FW,15,LW,11,RW,10,AM,8,DM,25,DM,2,LB,6,CB,3,CB,27,RB,1,GK,4-4-2,10,FW,32,FW,20,LM,17,RM,8,DM,27,DM,3,LB,5,CB,35,CB,2,RB,1,GK,2,0,home
175,3-5-2,14,FW,17,FW,4,CM,7,CM,16,DM,3,WB,20,WB,22,CB,12,CB,6,CB,1,GK,3-4-3,10,FW,7,LW,23,RW,5,DM,28,DM,3,WB,24,WB,33,CB,15,CB,14,CB,1,GK,1,3,away
176,4-3-3,9,FW,10,LW,11,RW,5,CM,23,CM,6,DM,26,LB,14,CB,3,CB,66,RB,1,GK,4-2-3-1,10,FW,9,LW,6,RW,18,AM,17,CM,39,CM,23,LB,5,CB,2,CB,29,RB,1,GK,0,0,draw
177,4-3-3,9,FW,7,LW,20,RW,8,CM,17,CM,25,DM,11,LB,3,CB,5,CB,2,RB,31,GK,4-1-4-1,9,FW,25,LM,18,CM,22,CM,10,RM,4,DM,27,LB,24,CB,5,CB,2,RB,31,GK,4,0,home
178,4-2-3-1,9,FW,14,LW,7,RW,32,AM,34,DM,18,DM,3,LB,23,CB,16,CB,17,RB,1,GK,4-4-2,7,FW,13,FW,9,LM,24,RM,8,DM,4,DM,15,LB,2,CB,6,CB,17,RB,26,GK,3,0,home
179,4-2-3-1,30,FW,9,LW,20,RW,10,AM,41,DM,28,DM,3,LB,21,CB,15,CB,5,RB,1,GK,4-4-1-1,7,FW,12,AM,13,LM,18,RM,19,DM,8,DM,3,LB,5,CB,6,CB,27,RB,1,GK,2,1,home
180,4-1-4-1,9,FW,15,LM,10,CM,8,CM,11,RM,25,DM,2,LB,6,CB,3,CB,27,RB,1,GK,4-3-3,9,FW,10,LW,20,RW,19,CM,29,CM,17,DM,21,LB,6,CB,2,CB,24,RB,16,GK,2,0,home
181,4-3-3,20,FW,47,LW,7,RW,8,CM,17,CM,16,DM,27,RB,3,CB,5,CB,2,RB,31,GK,4-2-3-1,11,FW,10,LW,15,RW,20,AM,7,DM,6,DM,18,LB,5,CB,4,CB,2,RB,26,GK,2,0,home
182,3-4-3,19,FW,17,AM,15,AM,21,DM,29,DM,23,WB,2,WB,16,CB,5,CB,34,CB,1,GK,4-2-3-1,7,FW,9,LW,11,RW,18,AM,17,DM,6,DM,23,LB,5,CB,3,CB,29,RB,1,GK,1,2,away
183,4-3-3,27,FW,10,LW,15,RW,5,CM,23,CM,6,DM,26,LB,3,CB,32,CB,66,RB,1,GK,4-4-2,10,FW,9,FW,11,LM,12,RM,8,DM,18,DM,3,LB,6,CB,5,CB,2,RB,1,GK,0,1,away
184,4-2-3-1,11,FW,10,LW,15,RW,20,AM,19,DM,6,DM,18,LB,5,CB,4,CB,2,RB,26,GK,3-5-2,13,FW,7,FW,24,CM,8,CM,16,DM,15,WB,19,WB,5,CB,6,CB,14,CB,26,GK,2,0,home
185,4-4-1-1,13,FW,21,AM,24,LM,23,RM,16,DM,8,DM,15,LB,5,CB,6,CB,14,RB,26,GK,4-1-4-1,9,FW,22,LM,20,CM,15,CM,18,RM,23,DM,10,LB,6,CB,14,CB,2,RB,1,GK,1,2,away
186,4-4-2,11,FW,20,FW,25,LM,4,CM,18,CM,10,RM,27,LB,24,CB,8,CB,2,RB,31,GK,4-2-3-1,30,FW,18,LW,20,RW,9,AM,41,DM,28,DM,3,LB,21,CB,15,CB,5,RB,1,GK,2,3,away
187,4-4-1-1,7,FW,12,AM,29,LM,23,RM,19,DM,8,DM,3,WB,27,CB,6,CB,2,WB,1,GK,4-3-3,26,FW,47,LW,7,RW,8,CM,20,CM,16,DM,11,LB,3,CB,5,CB,27,RB,31,GK,0,5,away
188,4-4-2,9,FW,10,FW,17,LM,32,RM,8,DM,27,DM,29,LB,5,CB,35,CB,18,RB,1,GK,4-2-3-1,9,FW,19,LW,7,RW,32,AM,34,DM,18,DM,17,LB,23,CB,16,CB,2,RB,1,GK,1,3,away
189,4-4-2,9,FW,19,FW,11,LM,12,RM,8,DM,18,DM,23,LB,6,CB,5,CB,2,RB,1,GK,4-2-3-1,11,FW,10,LW,15,RW,20,AM,7,DM,6,DM,18,LB,5,CB,4,CB,2,RB,26,GK,3,2,home
190,4-2-3-1,18,FW,29,LW,20,RW,22,AM,17,DM,5,DM,21,LB,2,CB,6,CB,28,RB,16,GK,3-4-1-2,7,FW,37,FW,10,AM,32,DM,8,DM,3,WB,22,WB,49,CB,16,CB,15,CB,11,GK,0,0,draw
191,3-5-2,11,FW,9,FW,10,CM,13,CM,8,DM,20,WB,34,WB,4,CB,5,CB,3,CB,26,GK,3-4-3,17,FW,19,LW,15,RW,21,DM,29,DM,14,WB,2,WB,16,CB,5,CB,34,CB,1,GK,0,0,draw
192,4-2-3-1,9,FW,10,LW,11,RW,18,AM,31,DM,6,DM,27,LB,5,CB,38,CB,29,RB,1,GK,3-5-2,10,FW,17,FW,4,CM,7,CM,16,DM,29,WB,2,WB,22,CB,15,CB,6,CB,1,GK,1,2,away
193,4-4-2,9,FW,19,FW,12,LM,7,RM,21,DM,26,DM,22,LB,5,CB,13,CB,4,RB,1,GK,4-2-3-1,17,FW,15,LW,11,RW,10,AM,8,DM,25,DM,2,LB,6,CB,3,CB,27,RB,1,GK,1,1,draw
194,3-4-3,10,FW,7,LW,23,RW,28,DM,5,DM,2,WB,24,WB,33,CB,15,CB,14,CB,1,GK,4-3-3,9,FW,10,LW,11,RW,7,CM,6,CM,5,DM,26,LB,14,CB,32,CB,66,RB,1,GK,1,3,away
195,4-2-3-1,9,FW,7,LW,17,RW,19,AM,10,CM,16,CM,12,LB,5,CB,13,CB,23,RB,1,GK,4-4-2◆,21,FW,13,FW,24,AM,8,CM,16,CM,14,DM,15,LB,5,CB,6,CB,19,RB,26,GK,0,2,away
196,4-3-3,9,FW,47,LW,21,RW,8,CM,20,CM,25,DM,11,LB,14,CB,3,CB,2,RB,31,GK,3-5-2,24,FW,14,FW,4,CM,7,CM,16,DM,20,WB,2,WB,22,CB,12,CB,6,CB,1,GK,1,0,home
197,3-5-2,7,FW,12,RW,23,CM,18,CM,8,DM,3,LB,2,RB,27,CB,5,CB,6,CB,1,GK,3-4-3,9,FW,19,LW,15,RW,29,DM,18,DM,33,WB,14,WB,16,CB,5,CB,34,CB,1,GK,2,2,draw
198,4-2-3-1,23,FW,11,LW,9,RW,25,AM,4,DM,22,DM,3,LB,6,CB,8,CB,17,RB,31,GK,3-4-3,12,FW,10,AM,7,AM,28,DM,32,DM,22,WB,2,WB,49,CB,16,CB,15,CB,11,GK,1,0,home
199,4-2-3-1,9,FW,35,LW,19,RW,32,AM,34,DM,18,DM,17,LB,23,CB,16,CB,2,RB,1,GK,4-2-3-1,7,FW,6,DM,10,RW,18,AM,17,DM,39,DM,23,LB,5,CB,2,CB,29,RB,1,GK,0,0,draw
200,4-4-2,11,FW,9,FW,17,LM,32,RM,27,DM,6,DM,3,LB,5,CB,35,CB,8,RB,1,GK,4-2-3-1,11,FW,10,LW,15,RW,20,AM,7,DM,6,DM,18,LB,5,CB,4,CB,2,RB,26,GK,0,1,away
201,3-4-3,9,FW,11,LW,19,RW,17,DM,5,DM,3,WB,20,WB,2,CB,6,CB,28,CB,16,GK,4-4-2,9,FW,27,FW,11,LM,12,RM,4,DM,18,DM,23,LB,6,CB,5,CB,2,RB,1,GK,2,0,home
202,4-2-3-1,17,FW,15,LW,11,RW,10,AM,24,DM,8,DM,2,LB,6,CB,3,CB,27,RB,1,GK,4-1-4-1,9,FW,22,LM,15,CM,20,CM,18,RM,23,DM,10,LB,6,CB,21,CB,2,RB,1,GK,1,3,away
203,4-2-3-1,30,FW,18,LW,20,RW,9,AM,41,DM,28,DM,3,LB,21,CB,15,CB,5,RB,1,GK,4-4-2◆,27,FW,11,FW,23,AM,7,CM,6,CM,5,DM,26,LB,14,CB,47,CB,66,RB,1,GK,1,3,away
204,3-5-2,11,FW,9,FW,10,CM,13,CM,8,DM,20,WB,34,WB,4,CB,5,CB,3,CB,26,GK,3-4-3,23,FW,7,LW,9,RW,5,CM,28,CM,33,WB,17,WB,14,CB,4,CB,6,CB,1,GK,1,0,home
205,3-5-2,10,FW,17,FW,4,CM,7,CM,16,DM,20,WB,2,WB,22,CB,12,CB,6,CB,1,GK,4-4-1-1,17,FW,7,LM,12,AM,10,RM,23,DM,8,DM,14,LB,5,CB,6,CB,27,RB,1,GK,2,1,home
206,4-2-3-1,12,FW,7,LW,37,RW,10,AM,28,DM,8,DM,49,LB,15,CB,16,CB,22,RB,11,GK,4-2-3-1,9,FW,19,LW,7,RW,32,AM,34,DM,18,DM,17,LB,23,CB,16,CB,2,RB,1,GK,2,1,home
207,4-4-2◆,21,FW,13,FW,24,AM,8,CM,16,CM,14,DM,15,LB,2,CB,5,CB,19,RB,26,GK,4-2-3-1,23,FW,11,LW,9,RW,25,AM,44,DM,4,DM,3,LB,24,CB,6,CB,17,RB,31,GK,1,2,away
208,4-2-3-1,7,FW,10,LW,11,RW,18,AM,17,LB,39,DM,23,LB,5,CB,2,CB,29,RB,1,GK,4-4-2,9,FW,10,FW,17,CM,12,CM,64,AM,8,DM,3,LB,5,CB,35,CB,31,RB,1,GK,9,0,home
209,4-4-2,27,FW,19,FW,11,LM,7,RM,4,DM,18,DM,23,LB,6,CB,5,CB,2,RB,1,GK,4-3-3,9,FW,7,LW,26,RW,8,CM,20,CM,16,DM,14,LB,3,CB,5,CB,27,RB,31,GK,0,2,away
210,3-4-3,9,FW,19,LW,15,RW,29,DM,21,DM,33,WB,2,WB,16,CB,5,CB,34,RB,1,GK,4-2-3-1,14,FW,15,LW,17,RW,10,AM,20,CM,8,CM,2,LB,4,CB,6,CB,21,RB,1,GK,0,2,away
211,4-1-4-1,9,FW,22,LM,15,CM,43,CM,18,RM,23,DM,10,LB,6,CB,21,CB,2,RB,1,GK,4-2-3-1,9,FW,7,LW,17,RW,10,AM,21,DM,16,DM,12,LB,22,CB,13,CB,4,RB,33,GK,1,2,away
212,4-2-3-1,11,FW,10,LW,21,RW,20,AM,6,DM,7,DM,18,LB,5,CB,4,CB,2,RB,26,GK,4-2-3-1,30,FW,9,LW,24,RW,11,AM,41,DM,28,DM,3,LB,21,CB,15,CB,5,RB,1,GK,1,3,away
